	id	chrom	ref	alt	rsquared	other	n_total_reads	n_ref_reads	n_alt_reads	P(RR|D)	P(RA|D)	P(AA|D)	P(RR|D)w	P(RA|D)w	P(AA|D)w	logP(RR|D)w	logP(RA|D)w	logP(AA|D)w
0	rs79815064	3	A	G	0.9027	[]	1	0	1	3.522357042782376e-05	0.3333333333333333	0.6666314430962388	3.1796317025196505e-05	0.30089999999999995	0.6017682036829747	-4.497623181533352	-0.5215778122599195	-0.22057076330554706
1	rs113341849	3	G	A	1.0	[]	2	0	2	5.611424461738119e-09	0.2000296938397336	0.799970300548842	5.611424461738119e-09	0.2000296938397336	0.799970300548842	-8.250926878967466	-0.69890552976843	-0.09692613619203118
2	rs11574435	3	C	T	0.9027	[]	3	0	3	1.3112411603034428e-13	0.11112676740993443	0.8888732325899344	1.1836573954059178e-13	0.1003141329409478	0.8023858670589338	-12.926773984113192	-0.9986378762928952	-0.09561672942977792
3	rs113010081	3	T	C	1.0	[]	3	1	2	2.232198387438301e-08	0.9995775180539004	0.0004224596241156888	2.232198387438301e-08	0.9995775180539004	0.0004224596241156888	-7.651267209940134	-0.00018352034764192556	-3.3742147917123293
