	id	chrom	ref	alt	rsquared	other	n_total_reads	n_ref_reads	n_alt_reads	P(RR|D)	P(RA|D)	P(AA|D)	P(RR|D)w	P(RA|D)w	P(AA|D)w	logP(RR|D)w	logP(RA|D)w	logP(AA|D)w
0	rs79815064	3	A	G	0.9027	[]	2	0	2	2.233448642740561e-09	0.20001690784975754	0.7999830899167938	2.0161340898019043e-09	0.1805552627159761	0.7221447352678897	-8.695480587045727	-0.7433898484988619	-0.1413757505901171
1	rs113341849	3	G	A	1.0	[]	2	0	2	5.611424461738119e-09	0.2000296938397336	0.799970300548842	5.611424461738119e-09	0.2000296938397336	0.799970300548842	-8.250926878967466	-0.69890552976843	-0.09692613619203118
2	rs11574435	3	C	T	0.9027	[]	0	0	0	0.33	0.33	0.33	0.297891	0.297891	0.297891	-0.5259426176623695	-0.5259426176623695	-0.5259426176623695
3	rs113010081	3	T	C	1.0	[]	1	0	1	3.522357042782376e-05	0.3333333333333333	0.6666314430962388	3.522357042782376e-05	0.3333333333333333	0.6666314430962388	-4.453166623993095	-0.4771212547196625	-0.17611420576529
