	id	chrom	ref	alt	rsquared	other	n_total_reads	n_ref_reads	n_alt_reads	P(RR|D)	P(RA|D)	P(AA|D)	P(RR|D)w	P(RA|D)w	P(AA|D)w	logP(RR|D)w	logP(RA|D)w	logP(AA|D)w
0	rs79815064	3	A	G	0.9027	[]	15	1	14	8.100938174914523e-56	0.18707580716436853	0.8129241928356314	7.312716890495339e-56	0.16887333112727546	0.7338266688727244	-55.1359212398228	-0.772438929817709	-0.1344065090780268
1	rs113341849	3	G	A	1.0	[]	19	0	19	7.056538799768931e-77	1.927937911312583e-06	0.9999980720620887	7.056538799768931e-77	1.927937911312583e-06	0.9999980720620887	-76.15140826619357	-5.714906956537195	-8.37293603462287e-07
2	rs11574435	3	C	T	0.9027	[]	16	0	16	9.543194649208288e-65	1.5420272904099816e-05	0.999984579727096	8.61464180984032e-65	1.3919880350530903e-05	0.9026860801196495	-64.06476277547002	-4.856364497723123	-0.04446325453132355
3	rs113010081	3	T	C	1.0	[]	26	0	26	1.0201596721795129e-107	1.5061165798830666e-08	0.9999999849388342	1.0201596721795129e-107	1.5061165798830666e-08	0.9999999849388342	-106.9913318485132	-7.822141410578627	-6.5409812294215276e-09
