	id	chrom	ref	alt	rsquared	other	n_total_reads	n_ref_reads	n_alt_reads	P(RR|D)	P(RA|D)	P(AA|D)	P(RR|D)w	P(RA|D)w	P(AA|D)w	logP(RR|D)w	logP(RA|D)w	logP(AA|D)w
0	rs79815064	3	A	G	0.9027	[]	4	0	4	7.335943682088565e-18	0.058835231375127445	0.9411647686248725	6.622156361821347e-18	0.05311056336232754	0.8495894366376724	-17.17900056893664	-1.2748190918429125	-0.07079089602542289
1	rs113341849	3	G	A	1.0	[]	3	0	3	1.3112411603034428e-13	0.11112676740993443	0.8888732325899344	1.3112411603034428e-13	0.11112676740993443	0.8888732325899344	-12.882317426572934	-0.9541813187526382	-0.05116017188952089
2	rs11574435	3	C	T	0.9027	[]	1	0	1	3.522357042782376e-05	0.3333333333333333	0.6666314430962388	3.1796317025196505e-05	0.30089999999999995	0.6017682036829747	-4.497623181533352	-0.5215778122599195	-0.22057076330554706
3	rs113010081	3	T	C	1.0	[]	1	0	1	0.00035257101214491917	0.3333333333333333	0.6663140956545217	0.00035257101214491917	0.3333333333333333	0.6663140956545217	-3.452753397603982	-0.4771212547196625	-0.17632099927842487
