	id	chrom	ref	alt	rsquared	other	n_total_reads	n_ref_reads	n_alt_reads	P(RR|D)	P(RA|D)	P(AA|D)	P(RR|D)w	P(RA|D)w	P(AA|D)w	logP(RR|D)w	logP(RA|D)w	logP(AA|D)w
0	rs79815064	3	A	G	0.9027	[]	1	0	1	3.522357042782376e-05	0.3333333333333333	0.6666314430962388	3.1796317025196505e-05	0.30089999999999995	0.6017682036829747	-4.497623181533352	-0.5215778122599195	-0.22057076330554706
1	rs113341849	3	G	A	1.0	[]	3	0	3	1.3112411603034428e-13	0.11112676740993443	0.8888732325899344	1.3112411603034428e-13	0.11112676740993443	0.8888732325899344	-12.882317426572934	-0.9541813187526382	-0.05116017188952089
2	rs11574435	3	C	T	0.9027	[]	4	0	4	1.8431387949065074e-17	0.058839656421435974	0.941160343578564	1.6638013901621042e-17	0.05311455785163025	0.8495854421483697	-16.778898517170674	-1.274786429424773	-0.07079293793962942
3	rs113010081	3	T	C	1.0	[]	5	0	5	3.9936543134412593e-22	0.030310794241807486	0.9696892057581926	3.9936543134412593e-22	0.030310794241807486	0.9696892057581926	-21.398629529916562	-1.5184026835494004	-0.013367438777538298
