	id	chrom	ref	alt	rsquared	other	n_total_reads	n_ref_reads	n_alt_reads	P(RR|D)	P(RA|D)	P(AA|D)	P(RR|D)w	P(RA|D)w	P(AA|D)w	logP(RR|D)w	logP(RA|D)w	logP(AA|D)w
0	rs79815064	3	A	G	0.9027	[]	22	1	21	5.718814672811391e-85	0.004498249154968156	0.9955017508450318	5.162374005146842e-85	0.004060569512189754	0.8986394304878101	-84.28715053476164	-2.3914130504977784	-0.04641452935797653
1	rs113341849	3	G	A	1.0	[]	19	0	19	3.4372426947979113e-81	1.909564116734522e-06	0.9999980904358833	3.4372426947979113e-81	1.909564116734522e-06	0.9999980904358833	-80.4637898023724	-5.719065754899192	-8.293139505462606e-07
2	rs11574435	3	C	T	0.9027	[]	14	0	14	1.666875343118167e-58	6.110770886529828e-05	0.9999388922911346	1.5046883722327693e-58	5.5161928792704757e-05	0.9026448380712072	-57.822553435108894	-4.258360556684307	-0.04448309709191285
3	rs113010081	3	T	C	1.0	[]	14	1	13	1.307400598196162e-47	0.48422361927269386	0.5157763807273062	1.307400598196162e-47	0.48422361927269386	0.5157763807273062	-46.88359132066027	-0.3149540305291065	-0.28753854966350006
