	id	chrom	ref	alt	rsquared	other	n_total_reads	n_ref_reads	n_alt_reads	P(RR|D)	P(RA|D)	P(AA|D)	P(RR|D)w	P(RA|D)w	P(AA|D)w	logP(RR|D)w	logP(RA|D)w	logP(AA|D)w
0	rs79815064	3	A	G	0.9027	[]	8	0	8	6.051830861406007e-35	0.003892689251343541	0.9961073107486564	5.462987718591201e-35	0.003513930587187814	0.8991860694128121	-34.262569775827004	-2.454206821639542	-0.04615043000456217
1	rs113341849	3	G	A	1.0	[]	14	0	14	3.415962518671233e-56	6.165913354136841e-05	0.9999383408664586	3.415962518671233e-56	6.165913354136841e-05	0.9999383408664586	-55.46648690321241	-4.210002582445164	-2.677904705086572e-05
2	rs11574435	3	C	T	0.9027	[]	12	0	12	4.737028683870975e-51	0.00024428100724557827	0.9997557189927545	4.276115792930329e-51	0.0002205124652405835	0.9024794875347595	-50.36895054304469	-3.6565668554832755	-0.04456266039372114
3	rs113010081	3	T	C	1.0	0	14	0	14	7.309494045970059e-53	6.313227168846906e-05	0.9999368677283116	7.309494045970059e-53	6.313227168846906e-05	0.9999368677283116	-52.136112683322295	-4.199748583173574	-2.7418862740948825e-05
