	id	chrom	ref	alt	rsquared	other	n_total_reads	n_ref_reads	n_alt_reads	P(RR|D)	P(RA|D)	P(AA|D)	P(RR|D)w	P(RA|D)w	P(AA|D)w	logP(RR|D)w	logP(RA|D)w	logP(AA|D)w
0	rs79815064	3	A	G	0.9027	[]	19	0	19	3.4540393230449706e-78	1.912672232273749e-06	0.9999980873277677	3.1179612969126947e-78	1.7265692240735132e-06	0.9026982734307759	-77.50612927998796	-5.762816004612264	-0.04445738820404757
1	rs113341849	3	G	A	1.0	[]	20	0	20	7.421495857318176e-82	9.63244852392707e-07	0.9999990367551476	7.421495857318176e-82	9.63244852392707e-07	0.9999990367551476	-81.12950855063681	-6.016263303190556	-4.183321256130911e-07
2	rs11574435	3	C	T	0.9027	[]	14	0	14	8.35312767648294e-59	6.110517731279146e-05	0.9999388948226873	7.54036835356115e-59	5.515964356025685e-05	0.9026448403564398	-58.12260743794833	-4.258378548883312	-0.044483095992406324
3	rs113010081	3	T	C	1.0	[]	20	0	20	1.443407052983757e-84	9.55002483735755e-07	0.9999990449975164	1.443407052983757e-84	9.55002483735755e-07	0.9999990449975164	-83.84061117692072	-6.019995498917479	-4.147525068975747e-07
