	id	chrom	ref	alt	rsquared	other	n_total_reads	n_ref_reads	n_alt_reads	P(RR|D)	P(RA|D)	P(AA|D)	P(RR|D)w	P(RA|D)w	P(AA|D)w	logP(RR|D)w	logP(RA|D)w	logP(AA|D)w
0	rs79815064	3	A	G	0.9027	[]	3	0	3	2.0783627434495365e-13	0.11112982069477599	0.8888701793050161	1.8761380485118964e-13	0.10031688914117429	0.802383110858638	-12.726735208866781	-0.9986259439153692	-0.09561822123650643
1	rs113341849	3	G	A	1.0	[]	2	0	2	2.233448642740561e-09	0.20001690784975754	0.7999830899167938	2.233448642740561e-09	0.20001690784975754	0.7999830899167938	-8.65102402950547	-0.6989332909586049	-0.09691919304986003
2	rs11574435	3	C	T	0.9027	[]	0	0	0	0.33	0.33	0.33	0.297891	0.297891	0.297891	-0.5259426176623695	-0.5259426176623695	-0.5259426176623695
3	rs113010081	3	T	C	1.0	[]	3	1	2	3.5976684571005827e-06	0.9995775180539004	0.0004188842776424629	3.5976684571005827e-06	0.9995775180539004	0.0004188842776424629	-5.443978861525792	-0.00018352034764192556	-3.377905940095363
