	id	chrom	ref	alt	rsquared	other	n_total_reads	n_ref_reads	n_alt_reads	P(RR|D)	P(RA|D)	P(AA|D)	P(RR|D)w	P(RA|D)w	P(AA|D)w	logP(RR|D)w	logP(RA|D)w	logP(AA|D)w
0	rs79815064	3	A	G	0.9027	[]	0	0	0	0.33	0.33	0.33	0.297891	0.297891	0.297891	-0.5259426176623695	-0.5259426176623695	-0.5259426176623695
1	rs113341849	3	G	A	1.0	[]	2	0	2	5.611424461738119e-09	0.2000296938397336	0.799970300548842	5.611424461738119e-09	0.2000296938397336	0.799970300548842	-8.250926878967466	-0.69890552976843	-0.09692613619203118
2	rs11574435	3	C	T	0.9027	[]	3	0	3	2.0800697703102607e-12	0.11115790454682706	0.8888420954510928	1.877678981659072e-12	0.10034224043442078	0.8023577595637015	-11.726378655100303	-0.99851620630365	-0.0956319429877298
3	rs113010081	3	T	C	1.0	[]	0	0	0	0.33	0.33	0.33	0.33	0.33	0.33	-0.4814860601221125	-0.4814860601221125	-0.4814860601221125
