	id	chrom	ref	alt	rsquared	other	n_total_reads	n_ref_reads	n_alt_reads	P(RR|D)	P(RA|D)	P(AA|D)	P(RR|D)w	P(RA|D)w	P(AA|D)w	logP(RR|D)w	logP(RA|D)w	logP(AA|D)w
0	rs79815064	3	A	G	0.9027	[]	10	0	10	2.135167389667668e-42	0.0009764096850240498	0.9990235903149759	1.927415602653004e-42	0.0008814050226712097	0.9018185949773286	-41.715024629673664	-3.054824478999488	-0.04488081403633856
1	rs113341849	3	G	A	1.0	[]	13	0	13	3.157634024724758e-54	0.00012224213466684408	0.9998777578653332	3.157634024724758e-54	0.00012224213466684408	0.9998777578653332	-53.500638206896745	-3.912779074786575	-5.309232966785194e-05
2	rs11574435	3	C	T	0.9027	[]	9	0	9	4.2046482241099466e-35	0.001977776470745147	0.998022223529255	3.7955359519040486e-35	0.001785338820141644	0.9009146611798584	-34.42072689051419	-2.7482793516782844	-0.045316345462640725
3	rs113010081	3	T	C	1.0	[]	13	0	13	5.123877014679254e-53	0.00012321514052697813	0.999876784859473	5.123877014679254e-53	0.00012321514052697813	0.999876784859473	-52.29040130291001	-3.9093359233135443	-5.351495261174162e-05
