	id	chrom	ref	alt	rsquared	other	n_total_reads	n_ref_reads	n_alt_reads	P(RR|D)	P(RA|D)	P(AA|D)	P(RR|D)w	P(RA|D)w	P(AA|D)w	logP(RR|D)w	logP(RA|D)w	logP(AA|D)w
0	rs79815064	3	A	G	0.9027	[]	20	1	19	1.0923504295874577e-69	0.01820362808649525	0.9817963719135048	9.86064732788598e-70	0.016432415073679263	0.8862675849263207	-69.0060945737301	-1.7842986035708122	-0.05243513464588699
1	rs113341849	3	G	A	1.0	[]	21	0	21	1.965057746646578e-86	4.816244732204695e-07	0.9999995183755268	1.965057746646578e-86	4.816244732204695e-07	0.9999995183755268	-85.70662468260079	-6.317291452990764	-2.0916690142679938e-07
2	rs11574435	3	C	T	0.9027	[]	11	0	11	2.833564933413154e-47	0.0004883722279456908	0.9995116277720544	2.557859065392054e-47	0.00044085361016657504	0.9022591463898334	-46.59212338824232	-3.355705598403514	-0.0446687067120681
3	rs113010081	3	T	C	1.0	[]	14	0	14	5.405290607543846e-57	6.162626368677539e-05	0.9999383737363132	5.405290607543846e-57	6.162626368677539e-05	0.9999383737363132	-56.26718095187535	-4.210234162131485	-2.676477097436918e-05
