	id	chrom	ref	alt	rsquared	other	n_total_reads	n_ref_reads	n_alt_reads	P(RR|D)	P(RA|D)	P(AA|D)	P(RR|D)w	P(RA|D)w	P(AA|D)w	logP(RR|D)w	logP(RA|D)w	logP(AA|D)w
0	rs79815064	3	A	G	0.9027	[]	4	0	4	2.3255543963278836e-16	0.058881696834993204	0.9411183031650066	2.0992779535651804e-16	0.05315250773294836	0.8495474922670514	-15.677930055125213	-1.2744762406629904	-0.07081233774492346
1	rs113341849	3	G	A	1.0	[]	3	0	3	8.534734947342732e-11	0.11220679901692633	0.8877932008977263	8.534734947342732e-11	0.11220679901692633	0.8877932008977263	-10.068809961683854	-0.9499808268047061	-0.05168818531189827
2	rs11574435	3	C	T	0.9027	[]	7	0	7	5.7203717725419e-30	0.007755803071280232	0.9922441969287198	5.163779599073573e-30	0.0070011634324446655	0.8956988365675553	-29.287032302607955	-2.154829784227723	-0.0478379898947469
3	rs113010081	3	T	C	1.0	[]	2	0	2	2.8118529633774007e-09	0.20001909717029803	0.799980900017849	2.8118529633774007e-09	0.20001909717029803	0.799980900017849	-8.551007393063097	-0.6989285373373412	-0.09692038190290124
