	id	chrom	ref	alt	rsquared	other	n_total_reads	n_ref_reads	n_alt_reads	P(RR|D)	P(RA|D)	P(AA|D)	P(RR|D)w	P(RA|D)w	P(AA|D)w	logP(RR|D)w	logP(RA|D)w	logP(AA|D)w
0	rs79815064	3	A	G	0.9027	[]	3	0	3	2.6238608183450765e-12	0.11122598291050718	0.8887740170868689	2.3685591607201005e-12	0.10040369477331483	0.8022963052243165	-11.625515763203955	-0.9982503052175153	-0.09566520782790015
1	rs113341849	3	G	A	1.0	[]	2	0	2	2.233448642740561e-09	0.20001690784975754	0.7999830899167938	2.233448642740561e-09	0.20001690784975754	0.7999830899167938	-8.65102402950547	-0.6989332909586049	-0.09691919304986003
2	rs11574435	3	C	T	0.9027	[]	3	0	3	1.6521476030399075e-12	0.11115561615651144	0.8888443838418364	1.4913936412641244e-12	0.10034017470448288	0.8023598252940257	-11.826407712908093	-0.9985251471479442	-0.09563082486540175
3	rs113010081	3	T	C	1.0	[]	2	0	2	2.8165743930742364e-08	0.2001150642858526	0.7998849075484035	2.8165743930742364e-08	0.2001150642858526	0.7998849075484035	-7.550278773427404	-0.6987202172610099	-0.09697249752364562
