	id	chrom	ref	alt	rsquared	other	n_total_reads	n_ref_reads	n_alt_reads	P(RR|D)	P(RA|D)	P(AA|D)	P(RR|D)w	P(RA|D)w	P(AA|D)w	logP(RR|D)w	logP(RA|D)w	logP(AA|D)w
0	rs79815064	3	A	G	0.9027	[]	0	0	0	0.33	0.33	0.33	0.297891	0.297891	0.297891	-0.5259426176623695	-0.5259426176623695	-0.5259426176623695
1	rs113341849	3	G	A	1.0	[]	6	0	6	1.7078675693754127e-24	0.015407029996253138	0.9845929700037468	1.7078675693754127e-24	0.015407029996253138	0.9845929700037468	-23.767545808189926	-1.8122810718950073	-0.006743269415873427
2	rs11574435	3	C	T	0.9027	[]	3	0	3	1.3112411603034428e-13	0.11112676740993443	0.8888732325899344	1.1836573954059178e-13	0.1003141329409478	0.8023858670589338	-12.926773984113192	-0.9986378762928952	-0.09561672942977792
3	rs113010081	3	T	C	1.0	[]	2	0	2	2.233448642740561e-09	0.20001690784975754	0.7999830899167938	2.233448642740561e-09	0.20001690784975754	0.7999830899167938	-8.65102402950547	-0.6989332909586049	-0.09691919304986003
