	id	chrom	ref	alt	rsquared	other	n_total_reads	n_ref_reads	n_alt_reads	P(RR|D)	P(RA|D)	P(AA|D)	P(RR|D)w	P(RA|D)w	P(AA|D)w	logP(RR|D)w	logP(RA|D)w	logP(AA|D)w
0	rs79815064	3	A	G	0.9027	[]	5	1	4	2.489385018057802e-16	0.9983124784554123	0.0016875215445875242	2.247167855800778e-16	0.9011766743017006	0.001523325698299158	-15.648364486047575	-0.04519005790821585	-2.8172072313641587
1	rs113341849	3	G	A	1.0	[]	8	0	8	5.007102739147157e-32	0.003946517211053512	0.9960534827889466	5.007102739147157e-32	0.003946517211053512	0.9960534827889466	-31.300413497359443	-2.403785998864122	-0.0017173416400419754
2	rs11574435	3	C	T	0.9027	[]	11	0	11	1.1290929743912477e-46	0.0004885209182135079	0.9995114790817865	1.0192322279829792e-46	0.0004409878328713336	0.9022590121671287	-45.99172685245978	-3.3555733928218117	-0.04466877131898794
3	rs113010081	3	T	C	1.0	[]	8	0	8	2.412065860361137e-33	0.0038941869804707038	0.9961058130195293	2.412065860361137e-33	0.0038941869804707038	0.9961058130195293	-32.617610838156715	-2.4095831995450347	-0.001694525462207362
