	id	chrom	ref	alt	rsquared	other	n_total_reads	n_ref_reads	n_alt_reads	P(RR|D)	P(RA|D)	P(AA|D)	P(RR|D)w	P(RA|D)w	P(AA|D)w	logP(RR|D)w	logP(RA|D)w	logP(AA|D)w
0	rs79815064	3	A	G	0.9027	[]	9	0	9	3.2039108940279025e-39	0.0019502431115494129	0.9980497568884505	2.8921703640389873e-39	0.001760484456795655	0.9009395155432043	-38.53877612839588	-2.754367804934994	-0.045304364345641966
1	rs113341849	3	G	A	1.0	[]	13	0	13	6.28593093235659e-56	0.00012214902817111323	0.9998778509718288	6.28593093235659e-56	0.00012214902817111323	0.9998778509718288	-55.20163039517036	-3.9131099839635843	-5.3051889088912855e-05
2	rs11574435	3	C	T	0.9027	[]	12	0	12	2.3772453140138933e-50	0.0002443875733031542	0.9997556124266967	2.145939344960341e-50	0.00022060866242075726	0.9024793913375792	-49.66838255754309	-3.656377438551886	-0.044562706686082795
3	rs113010081	3	T	C	1.0	[]	10	0	10	8.712633435154353e-41	0.0009845403382111786	0.9990154596617888	8.712633435154353e-41	0.0009845403382111786	0.9990154596617888	-40.05985055756452	-3.0067664854134852	-0.0004277910594459887
