	id	chrom	ref	alt	rsquared	other	n_total_reads	n_ref_reads	n_alt_reads	P(RR|D)	P(RA|D)	P(AA|D)	P(RR|D)w	P(RA|D)w	P(AA|D)w	logP(RR|D)w	logP(RA|D)w	logP(AA|D)w
0	rs79815064	3	A	G	0.9027	[]	5	0	5	3.9936543134412593e-22	0.030310794241807486	0.9696892057581926	3.605071748743425e-22	0.027361553962079614	0.8753384460379204	-21.44308608745682	-1.5628592410896576	-0.05782399631779533
1	rs113341849	3	G	A	1.0	[]	6	0	6	5.532107067010465e-23	0.015530751060257959	0.9844692489397421	5.532107067010465e-23	0.015530751060257959	0.9844692489397421	-22.257109423255084	-1.808807541474372	-0.006797845015309776
2	rs11574435	3	C	T	0.9027	[]	2	0	2	2.233448642740561e-09	0.20001690784975754	0.7999830899167938	2.0161340898019043e-09	0.1805552627159761	0.7221447352678897	-8.695480587045727	-0.7433898484988619	-0.1413757505901171
3	rs113010081	3	T	C	1.0	[]	4	0	4	7.335943682088565e-18	0.058835231375127445	0.9411647686248725	7.335943682088565e-18	0.058835231375127445	0.9411647686248725	-17.134544011396386	-1.2303625343026556	-0.026334338485165875
