	id	chrom	ref	alt	rsquared	other	n_total_reads	n_ref_reads	n_alt_reads	P(RR|D)	P(RA|D)	P(AA|D)	P(RR|D)w	P(RA|D)w	P(AA|D)w	logP(RR|D)w	logP(RA|D)w	logP(AA|D)w
0	rs79815064	3	A	G	0.9027	[]	2	0	2	2.233448642740561e-09	0.20001690784975754	0.7999830899167938	2.0161340898019043e-09	0.1805552627159761	0.7221447352678897	-8.695480587045727	-0.7433898484988619	-0.1413757505901171
1	rs113341849	3	G	A	1.0	[]	5	0	5	2.528044018416889e-20	0.030343072585574355	0.9696569274144257	2.528044018416889e-20	0.030343072585574355	0.9696569274144257	-19.597215368368637	-1.5179404440042719	-0.013381895512563035
2	rs11574435	3	C	T	0.9027	[]	3	0	3	1.3112411603034428e-13	0.11112676740993443	0.8888732325899344	1.1836573954059178e-13	0.1003141329409478	0.8023858670589338	-12.926773984113192	-0.9986378762928952	-0.09561672942977792
3	rs113010081	3	T	C	1.0	[]	5	1	4	1.9781574053551628e-15	0.9983128055960684	0.0016871944039295822	1.9781574053551628e-15	0.9983128055960684	0.0016871944039295822	-14.70373915381198	-0.0007333580524398154	-2.7728348737300053
