	id	chrom	ref	alt	rsquared	other	n_total_reads	n_ref_reads	n_alt_reads	P(RR|D)	P(RA|D)	P(AA|D)	P(RR|D)w	P(RA|D)w	P(AA|D)w	logP(RR|D)w	logP(RA|D)w	logP(AA|D)w
0	rs79815064	3	A	G	0.9027	[]	16	0	16	2.3346483578372362e-66	1.5283974519563823e-05	0.9999847160254804	2.107487072619673e-66	1.3796843798810263e-05	0.9026862031562012	-65.67623508066866	-4.8602202525504525	-0.04446319533677849
1	rs113341849	3	G	A	1.0	[]	21	0	21	6.071525447749676e-88	4.778793968025586e-07	0.9999995221206032	6.071525447749676e-88	4.778793968025586e-07	0.9999995221206032	-87.21670218037308	-6.320681693161657	-2.0754043464898373e-07
2	rs11574435	3	C	T	0.9027	[]	20	0	20	1.1474019964884047e-84	9.552422614296736e-07	0.9999990447577385	1.035759782230083e-84	8.622971893925664e-07	0.9026991377028105	-83.9847409563174	-6.064343029454612	-0.04445697239689821
3	rs113010081	3	T	C	1.0	[]	25	0	25	5.940892820781003e-107	2.984542957191533e-08	0.9999999701545704	5.940892820781003e-107	2.984542957191533e-08	0.9999999701545704	-106.22614828262807	-7.525122165830112	-1.2961705566655452e-08
