	id	chrom	ref	alt	rsquared	other	n_total_reads	n_ref_reads	n_alt_reads	P(RR|D)	P(RA|D)	P(AA|D)	P(RR|D)w	P(RA|D)w	P(AA|D)w	logP(RR|D)w	logP(RA|D)w	logP(AA|D)w
0	rs79815064	3	A	G	0.9027	[]	2	0	2	2.233448642740561e-09	0.20001690784975754	0.7999830899167938	2.0161340898019043e-09	0.1805552627159761	0.7221447352678897	-8.695480587045727	-0.7433898484988619	-0.1413757505901171
1	rs113341849	3	G	A	1.0	[]	0	0	0	0.33	0.33	0.33	0.33	0.33	0.33	-0.4814860601221125	-0.4814860601221125	-0.4814860601221125
2	rs11574435	3	C	T	0.9027	[]	1	0	1	3.522357042782376e-05	0.3333333333333333	0.6666314430962388	3.1796317025196505e-05	0.30089999999999995	0.6017682036829747	-4.497623181533352	-0.5215778122599195	-0.22057076330554706
3	rs113010081	3	T	C	1.0	[]	1	0	1	0.007178622336227316	0.33333333333333337	0.6594880443304394	0.007178622336227316	0.33333333333333337	0.6594880443304394	-2.143958894083929	-0.4771212547196624	-0.18079307324632254
