	id	chrom	ref	alt	rsquared	other	n_total_reads	n_ref_reads	n_alt_reads	P(RR|D)	P(RA|D)	P(AA|D)	P(RR|D)w	P(RA|D)w	P(AA|D)w	logP(RR|D)w	logP(RA|D)w	logP(AA|D)w
0	rs79815064	3	A	G	0.9027	[]	7	0	7	7.202109755013357e-30	0.007756013237623064	0.992243986762377	6.501344475850557e-30	0.00700135314960234	0.8956986468503977	-29.186996822116562	-2.1548180158981918	-0.047838081882276694
1	rs113341849	3	G	A	1.0	[]	5	0	5	3.9993021854165464e-21	0.03032479268080433	0.9696752073191958	3.9993021854165464e-21	0.03032479268080433	0.9696752073191958	-20.39801577953723	-1.5182021595591784	-0.01337370830045076
2	rs11574435	3	C	T	0.9027	[]	7	0	7	2.866526169157603e-30	0.007755398288315516	0.9922446017116845	2.5876131728985682e-30	0.007000798034862416	0.8956992019651375	-29.587100646640145	-2.1548524510739475	-0.0478378127256865
3	rs113010081	3	T	C	1.0	[]	6	1	5	8.306076468060771e-20	0.996631134448864	0.0033688655511359923	8.306076468060771e-20	0.996631134448864	0.0033688655511359923	-19.08060407497139	-0.001465549727542183	-2.472516321035763
