	id	chrom	ref	alt	rsquared	other	n_total_reads	n_ref_reads	n_alt_reads	P(RR|D)	P(RA|D)	P(AA|D)	P(RR|D)w	P(RA|D)w	P(AA|D)w	logP(RR|D)w	logP(RA|D)w	logP(AA|D)w
0	rs79815064	3	A	G	0.9027	[]	14	0	14	1.0517537518763967e-58	6.11082240347304e-05	0.9999388917759652	9.494181118188233e-59	5.516239383615112e-05	0.9026448376061638	-58.02254248760824	-4.258356895373767	-0.04448309731566177
1	rs113341849	3	G	A	1.0	[]	15	0	15	3.591714136284157e-62	3.080439491796713e-05	0.999969195605082	3.591714136284157e-62	3.080439491796713e-05	0.999969195605082	-61.44469823602888	-4.51138731751069	-1.3378384788830535e-05
2	rs11574435	3	C	T	0.9027	[]	8	0	8	1.9144122711918166e-34	0.003893132461275549	0.9961068675387245	1.7281399572048527e-34	0.003514330672793438	0.8991856693272066	-33.76242108814162	-2.4541573769861427	-0.04615062324043997
3	rs113010081	3	T	C	1.0	[]	14	0	14	2.642585796172489e-58	6.111362270924922e-05	0.9999388863772907	2.642585796172489e-58	6.111362270924922e-05	0.9999388863772907	-57.57797090366125	-4.2138619712956595	-2.6542120162599283e-05
