	id	chrom	ref	alt	rsquared	other	n_total_reads	n_ref_reads	n_alt_reads	P(RR|D)	P(RA|D)	P(AA|D)	P(RR|D)w	P(RA|D)w	P(AA|D)w	logP(RR|D)w	logP(RA|D)w	logP(AA|D)w
0	rs79815064	3	A	G	0.9027	[]	4	0	4	1.8430407727923195e-17	0.058838654703508485	0.9411613452964915	1.6637129055996267e-17	0.053113653600857104	0.8495863463991429	-16.77892161450629	-1.274793823150332	-0.07079247570135111
1	rs113341849	3	G	A	1.0	[]	3	0	3	1.3112411603034428e-13	0.11112676740993443	0.8888732325899344	1.3112411603034428e-13	0.11112676740993443	0.8888732325899344	-12.882317426572934	-0.9541813187526382	-0.05116017188952089
2	rs11574435	3	C	T	0.9027	[]	1	0	1	3.522357042782376e-05	0.3333333333333333	0.6666314430962388	3.1796317025196505e-05	0.30089999999999995	0.6017682036829747	-4.497623181533352	-0.5215778122599195	-0.22057076330554706
3	rs113010081	3	T	C	1.0	[]	4	0	4	9.235777553775898e-18	0.05883598906023301	0.941164010939767	9.235777553775898e-18	0.05883598906023301	0.941164010939767	-17.034526535730073	-1.2303569414574527	-0.0263346881142678
