	id	chrom	ref	alt	rsquared	other	n_total_reads	n_ref_reads	n_alt_reads	P(RR|D)	P(RA|D)	P(AA|D)	P(RR|D)w	P(RA|D)w	P(AA|D)w	logP(RR|D)w	logP(RA|D)w	logP(AA|D)w
0	rs79815064	3	A	G	0.9027	[]	4	0	4	2.3204676381340388e-17	0.05884041415996496	0.941159585840035	2.0946861369435968e-17	0.05311524186220037	0.8495847581377995	-16.67888104153066	-1.274780836605866	-0.07079328759502726
1	rs113341849	3	G	A	1.0	[]	2	0	2	2.233448642740561e-09	0.20001690784975754	0.7999830899167938	2.233448642740561e-09	0.20001690784975754	0.7999830899167938	-8.65102402950547	-0.6989332909586049	-0.09691919304986003
2	rs11574435	3	C	T	0.9027	[]	2	0	2	1.1200407207749576e-08	0.20005084872099854	0.7999491400785943	1.0110607586435541e-08	0.18058590114044537	0.722114088748947	-7.995222745150093	-0.7433161593155462	-0.14139418165503012
3	rs113010081	3	T	C	1.0	[]	1	0	1	3.522357042782376e-05	0.3333333333333333	0.6666314430962388	3.522357042782376e-05	0.3333333333333333	0.6666314430962388	-4.453166623993095	-0.4771212547196625	-0.17611420576529
