	id	chrom	ref	alt	rsquared	other	n_total_reads	n_ref_reads	n_alt_reads	P(RR|D)	P(RA|D)	P(AA|D)	P(RR|D)w	P(RA|D)w	P(AA|D)w	logP(RR|D)w	logP(RA|D)w	logP(AA|D)w
0	rs79815064	3	A	G	0.9027	[]	20	0	20	9.343574653820923e-83	9.632609355499855e-07	0.9999990367390644	8.434444840004147e-83	8.695356465209719e-07	0.9026991304643535	-82.07394349764597	-6.060712609440418	-0.04445697587936744
1	rs113341849	3	G	A	1.0	[]	25	0	25	3.8528302016554514e-103	3.012211086444363e-08	0.9999999698778892	3.8528302016554514e-103	3.012211086444363e-08	0.9999999698778892	-102.4142201303872	-7.521114597389726	-1.3081866703204795e-08
2	rs11574435	3	C	T	0.9027	[]	31	0	31	8.437028326723306e-128	4.718127921641588e-10	0.9999999995281872	7.616105470533128e-128	4.259054074865861e-10	0.9026999995740945	-127.11826705031773	-9.3706868458932	-0.04445655774516273
3	rs113010081	3	T	C	1.0	[]	24	0	24	2.9247445914971825e-98	6.039437232228163e-08	0.9999999396056277	2.9247445914971825e-98	6.039437232228163e-08	0.9999999396056277	-97.53391205346095	-7.219003527988923	-2.6228943411690595e-08
