	id	chrom	ref	alt	rsquared	other	n_total_reads	n_ref_reads	n_alt_reads	P(RR|D)	P(RA|D)	P(AA|D)	P(RR|D)w	P(RA|D)w	P(AA|D)w	logP(RR|D)w	logP(RA|D)w	logP(AA|D)w
0	rs79815064	3	A	G	0.9027	[]	1	0	1	3.522357042782376e-05	0.3333333333333333	0.6666314430962388	3.1796317025196505e-05	0.30089999999999995	0.6017682036829747	-4.497623181533352	-0.5215778122599195	-0.22057076330554706
1	rs113341849	3	G	A	1.0	[]	0	0	0	0.33	0.33	0.33	0.33	0.33	0.33	-0.4814860601221125	-0.4814860601221125	-0.4814860601221125
2	rs11574435	3	C	T	0.9027	[]	1	0	1	3.522357042782376e-05	0.3333333333333333	0.6666314430962388	3.1796317025196505e-05	0.30089999999999995	0.6017682036829747	-4.497623181533352	-0.5215778122599195	-0.22057076330554706
3	rs113010081	3	T	C	1.0	[]	2	0	2	9.105658768593425e-07	0.20139300033188523	0.7986060891022378	9.105658768593425e-07	0.20139300033188523	0.7986060891022378	-6.0406886287580805	-0.6959556279733883	-0.09766738278002328
