	id	chrom	ref	alt	rsquared	other	n_total_reads	n_ref_reads	n_alt_reads	P(RR|D)	P(RA|D)	P(AA|D)	P(RR|D)w	P(RA|D)w	P(AA|D)w	logP(RR|D)w	logP(RA|D)w	logP(AA|D)w
0	rs79815064	3	A	G	0.9027	[]	3	1	2	2.232198387438301e-08	0.9995775180539004	0.0004224596241156888	2.015005484340554e-08	0.9023186255472558	0.0003813543026892323	-7.695723767480391	-0.04464007788789895	-3.4186713492525866
1	rs113341849	3	G	A	1.0	[]	4	0	4	1.8431387949065228e-17	0.058839656421435974	0.941160343578564	1.8431387949065228e-17	0.058839656421435974	0.941160343578564	-16.734441959630413	-1.2303298718845161	-0.026336380399372392
2	rs11574435	3	C	T	0.9027	[]	9	0	9	1.6064582903293662e-38	0.0019505257663002997	0.9980494742336997	1.450149898680319e-38	0.0017607396092392804	0.9009392603907607	-37.83858710341678	-2.7543048658567493	-0.045304487340928644
3	rs113010081	3	T	C	1.0	[]	4	0	4	1.8496385568385947e-16	0.05890607231825531	0.9410939276817445	1.8496385568385947e-16	0.05890607231825531	0.9410939276817445	-15.732913130033078	-1.2298399337633275	-0.026367028817019012
