	id	chrom	ref	alt	rsquared	other	n_total_reads	n_ref_reads	n_alt_reads	P(RR|D)	P(RA|D)	P(AA|D)	P(RR|D)w	P(RA|D)w	P(AA|D)w	logP(RR|D)w	logP(RA|D)w	logP(AA|D)w
0	rs79815064	3	A	G	0.9027	[]	2	0	2	7.065044805822474e-09	0.20003519594399494	0.7999647969909602	6.3776159462159466e-09	0.18057177137864422	0.7221282222437397	-8.19534163709386	-0.743350141578978	-0.14138568155951017
1	rs113341849	3	G	A	1.0	[]	1	0	1	3.522357042782376e-05	0.3333333333333333	0.6666314430962388	3.522357042782376e-05	0.3333333333333333	0.6666314430962388	-4.453166623993095	-0.4771212547196625	-0.17611420576529
2	rs11574435	3	C	T	0.9027	[]	2	0	2	1.7750560339893454e-08	0.2000479813487987	0.7999520009006409	1.602343081882182e-08	0.18058331276356057	0.7221166712130085	-7.7952444903642055	-0.7433223841971524	-0.14139262851003043
3	rs113010081	3	T	C	1.0	[]	2	0	2	2.233448642740561e-09	0.20001690784975754	0.7999830899167938	2.233448642740561e-09	0.20001690784975754	0.7999830899167938	-8.65102402950547	-0.6989332909586049	-0.09691919304986003
