	id	chrom	ref	alt	rsquared	other	n_total_reads	n_ref_reads	n_alt_reads	P(RR|D)	P(RA|D)	P(AA|D)	P(RR|D)w	P(RA|D)w	P(AA|D)w	logP(RR|D)w	logP(RA|D)w	logP(AA|D)w
0	rs79815064	3	A	G	0.9027	[]	0	0	0	0.33	0.33	0.33	0.297891	0.297891	0.297891	-0.5259426176623695	-0.5259426176623695	-0.5259426176623695
1	rs113341849	3	G	A	1.0	[]	2	0	2	2.233448642740561e-09	0.20001690784975754	0.7999830899167938	2.233448642740561e-09	0.20001690784975754	0.7999830899167938	-8.65102402950547	-0.6989332909586049	-0.09691919304986003
2	rs11574435	3	C	T	0.9027	[]	2	0	2	2.233448642740561e-09	0.20001690784975754	0.7999830899167938	2.0161340898019043e-09	0.1805552627159761	0.7221447352678897	-8.695480587045727	-0.7433898484988619	-0.1413757505901171
3	rs113010081	3	T	C	1.0	[]	5	0	5	1.6305745365469604e-19	0.030563969990561428	0.9694360300094386	1.6305745365469604e-19	0.030563969990561428	0.9694360300094386	-18.78765934400849	-1.5147902354034954	-0.013480843347013513
