	id	chrom	ref	alt	rsquared	other	n_total_reads	n_ref_reads	n_alt_reads	P(RR|D)	P(RA|D)	P(AA|D)	P(RR|D)w	P(RA|D)w	P(AA|D)w	logP(RR|D)w	logP(RA|D)w	logP(AA|D)w
0	rs79815064	3	A	G	0.9027	[]	6	0	6	2.6975389444921396e-26	0.015389625661606442	0.9846103743383936	2.4350684051930544e-26	0.013892215084732134	0.8888077849152679	-25.61348883421091	-1.8572285013914223	-0.05119215013949265
1	rs113341849	3	G	A	1.0	[]	1	0	1	3.522357042782376e-05	0.3333333333333333	0.6666314430962388	3.522357042782376e-05	0.3333333333333333	0.6666314430962388	-4.453166623993095	-0.4771212547196625	-0.17611420576529
2	rs11574435	3	C	T	0.9027	[]	2	0	2	5.825802994609448e-07	0.2022135810691037	0.7977858363505969	5.258952363233948e-07	0.1825381996310799	0.7201612744736837	-6.279100763105221	-0.7386462372185154	-0.14257023583139278
3	rs113010081	3	T	C	1.0	[]	2	0	2	7.065044805822474e-09	0.20003519594399494	0.7999647969909602	7.065044805822474e-09	0.20003519594399494	0.7999647969909602	-8.150885079553603	-0.6988935840387209	-0.09692912401925313
