	id	chrom	ref	alt	rsquared	other	n_total_reads	n_ref_reads	n_alt_reads	P(RR|D)	P(RA|D)	P(AA|D)	P(RR|D)w	P(RA|D)w	P(AA|D)w	logP(RR|D)w	logP(RA|D)w	logP(AA|D)w
0	rs79815064	3	A	G	0.9027	[]	2	0	2	5.611424461738119e-09	0.2000296938397336	0.799970300548842	5.0654328616109995e-09	0.1805668046291275	0.7221331903054397	-8.295383436507722	-0.743362087308687	-0.1413826937322882
1	rs113341849	3	G	A	1.0	[]	1	0	1	3.522357042782376e-05	0.3333333333333333	0.6666314430962388	3.522357042782376e-05	0.3333333333333333	0.6666314430962388	-4.453166623993095	-0.4771212547196625	-0.17611420576529
2	rs11574435	3	C	T	0.9027	[]	4	0	4	7.335943682088565e-18	0.058835231375127445	0.9411647686248725	6.622156361821347e-18	0.05311056336232754	0.8495894366376724	-17.17900056893664	-1.2748190918429125	-0.07079089602542289
3	rs113010081	3	T	C	1.0	[]	1	0	1	3.522357042782376e-05	0.3333333333333333	0.6666314430962388	3.522357042782376e-05	0.3333333333333333	0.6666314430962388	-4.453166623993095	-0.4771212547196625	-0.17611420576529
