	id	chrom	ref	alt	rsquared	other	n_total_reads	n_ref_reads	n_alt_reads	P(RR|D)	P(RA|D)	P(AA|D)	P(RR|D)w	P(RA|D)w	P(AA|D)w	logP(RR|D)w	logP(RA|D)w	logP(AA|D)w
0	rs79815064	3	A	G	0.9027	[]	14	0	14	1.664398990485769e-60	6.107742663507849e-05	0.999938922573365	1.5024529687115038e-60	5.513459302348535e-05	0.9026448654069765	-59.823199113833546	-4.258575826826613	-0.04448308393970382
1	rs113341849	3	G	A	1.0	[]	11	0	11	1.1277922154679592e-47	0.0004883332228940454	0.9995116667771059	1.1277922154679592e-47	0.0004883332228940454	0.9995116667771059	-46.94777090743429	-3.3112837282476475	-0.00021213222385583127
2	rs11574435	3	C	T	0.9027	[]	12	0	12	9.453625186941667e-51	0.00024429832694689826	0.999755701673053	8.533787456252241e-51	0.00022052809973496505	0.9024794719002649	-50.06885817794335	-3.6565360647797474	-0.04456266791740991
3	rs113010081	3	T	C	1.0	[]	11	0	11	3.808555787053117e-43	0.0004992692542564668	0.9995007307457435	3.808555787053117e-43	0.0004992692542564668	0.9995007307457435	-42.41923967855507	-3.3016651776218175	-0.00021688402837743685
