	id	chrom	ref	alt	rsquared	other	n_total_reads	n_ref_reads	n_alt_reads	P(RR|D)	P(RA|D)	P(AA|D)	P(RR|D)w	P(RA|D)w	P(AA|D)w	logP(RR|D)w	logP(RA|D)w	logP(AA|D)w
0	rs79815064	3	A	G	0.9027	[]	5	5	0	0.9696858461998549	0.030314153800145124	1.2633330165769753e-21	0.875335413364609	0.027364586635391	1.1404107140640356e-21	-0.057825500965023036	-1.5628111078476083	-20.942938711182787
1	rs113341849	3	G	A	1.0	[]	0	0	0	0.33	0.33	0.33	0.33	0.33	0.33	-0.4814860601221125	-0.4814860601221125	-0.4814860601221125
2	rs11574435	3	C	T	0.9027	[]	2	2	0	0.7999830899167938	0.20001690784975754	2.233448642740561e-09	0.7221447352678897	0.1805552627159761	2.0161340898019043e-09	-0.1413757505901171	-0.7433898484988619	-8.695480587045727
3	rs113010081	3	T	C	1.0	[]	3	3	0	0.8888718810034785	0.11112811899635654	1.6508200629187234e-13	0.8888718810034785	0.11112811899635654	1.6508200629187234e-13	-0.05116083226151141	-0.9541760366503238	-12.782300261649514
