	id	chrom	ref	alt	rsquared	other	n_total_reads	n_ref_reads	n_alt_reads	P(RR|D)	P(RA|D)	P(AA|D)	P(RR|D)w	P(RA|D)w	P(AA|D)w	logP(RR|D)w	logP(RA|D)w	logP(AA|D)w
0	rs79815064	3	A	G	0.9027	[]	19	10	9	6.623035561412229e-33	1.0	3.612514626628523e-35	5.978614201286819e-33	0.9027	3.2610169534575677e-35	-32.22339947060697	-0.04445655754025703	-34.48664694336702
1	rs113341849	3	G	A	1.0	[]	25	14	11	3.0852356726650016e-37	1.0	1.3820983708146303e-52	3.0852356726650016e-37	1.0	1.3820983708146303e-52	-36.510711655802965	0.0	-51.859461044963574
2	rs11574435	3	C	T	0.9027	[]	19	14	5	1.6994682477399097e-15	0.9999999999999983	3.529202686848495e-52	1.5341099872348163e-15	0.9026999999999984	3.185811265418136e-52	-14.81414350274896	-0.04445655754025778	-51.49677995634887
3	rs113010081	3	T	C	1.0	[]	19	11	8	8.005974328573661e-27	1.0	3.728218516011302e-40	8.005974328573661e-27	1.0	3.728218516011302e-40	-26.096585806808566	0.0	-39.42849864097558
