	id	chrom	ref	alt	rsquared	other	n_total_reads	n_ref_reads	n_alt_reads	P(RR|D)	P(RA|D)	P(AA|D)	P(RR|D)w	P(RA|D)w	P(AA|D)w	logP(RR|D)w	logP(RA|D)w	logP(AA|D)w
0	rs79815064	3	A	G	0.9027	[]	16	9	7	1.5049986596443831e-24	1.0	2.100708116699652e-33	1.3585622900609846e-24	0.9027	1.896309216944776e-33	-23.866920444393987	-0.04445655754025703	-32.72209084407427
1	rs113341849	3	G	A	1.0	[]	17	8	9	8.39574758964961e-33	1.0	2.5151019758545623e-29	8.39574758964961e-33	1.0	2.5151019758545623e-29	-32.07594062655345	0.0	-28.599444401600863
2	rs11574435	3	C	T	0.9027	[]	18	8	10	2.2267406475001174e-37	1.0	6.334994165338098e-29	2.0100787824983557e-37	0.9027	5.718599233050701e-29	-36.6967869206224	-0.04445655754025703	-28.2427103383149
3	rs113010081	3	T	C	1.0	[]	20	12	8	2.5345061811297607e-27	1.0	1.9754705109210191e-44	2.5345061811297607e-27	1.0	1.9754705109210191e-44	-26.596106645286003	0.0	-43.704329448918436
