	id	chrom	ref	alt	rsquared	other	n_total_reads	n_ref_reads	n_alt_reads	P(RR|D)	P(RA|D)	P(AA|D)	P(RR|D)w	P(RA|D)w	P(AA|D)w	logP(RR|D)w	logP(RA|D)w	logP(AA|D)w
0	rs79815064	3	A	G	0.9027	[]	13	13	0	0.9998777185127187	0.00012228148728129563	3.160678631384573e-54	0.9025896165014311	0.00011038349856882555	2.853144600550854e-54	-0.04450966696263799	-3.9570958452312857	-53.544676217256374
1	rs113341849	3	G	A	1.0	[]	13	13	0	0.9998761144684548	0.00012388553154529125	2.072633864134771e-52	0.9998761144684548	0.00012388553154529125	2.072633864134771e-52	-5.380613570740783e-05	-3.9069794114363097	-51.68347741031805
2	rs11574435	3	C	T	0.9027	[]	14	14	0	0.9999380747031863	6.192529681368553e-05	1.3771468896099592e-57	0.9026441000345662	5.5899965433713925e-05	1.24315049725091e-57	-0.04448345218769157	-4.252588460663701	-56.905476291978495
3	rs113010081	3	T	C	1.0	[]	14	14	0	0.9999389215212225	6.107847877742636e-05	2.0954624605309466e-60	0.9999389215212225	6.107847877742636e-05	2.0954624605309466e-60	-2.652685641435852e-05	-4.214111788033374	-59.67872011499253
