	id	chrom	ref	alt	rsquared	other	n_total_reads	n_ref_reads	n_alt_reads	P(RR|D)	P(RA|D)	P(AA|D)	P(RR|D)w	P(RA|D)w	P(AA|D)w	logP(RR|D)w	logP(RA|D)w	logP(AA|D)w
0	rs79815064	3	A	G	0.9027	[]	1	0	1	4.434506122349824e-05	0.3333333333333333	0.6666223216054432	4.003028676645186e-05	0.30089999999999995	0.6017599697132335	-4.397611298712243	-0.5215778122599195	-0.2205767057798519
1	rs113341849	3	G	A	1.0	[]	2	0	2	7.065044805822474e-09	0.20003519594399494	0.7999647969909602	7.065044805822474e-09	0.20003519594399494	0.7999647969909602	-8.150885079553603	-0.6988935840387209	-0.09692912401925313
2	rs11574435	3	C	T	0.9027	[]	1	1	0	0.6666314430962388	0.3333333333333333	3.522357042782376e-05	0.6017682036829747	0.30089999999999995	3.1796317025196505e-05	-0.22057076330554706	-0.5215778122599195	-4.497623181533352
3	rs113010081	3	T	C	1.0	[]	3	2	1	0.0004224596241156888	0.9995775180539004	2.232198387438301e-08	0.0004224596241156888	0.9995775180539004	2.232198387438301e-08	-3.3742147917123293	-0.00018352034764192556	-7.651267209940134
