	id	chrom	ref	alt	rsquared	other	n_total_reads	n_ref_reads	n_alt_reads	P(RR|D)	P(RA|D)	P(AA|D)	P(RR|D)w	P(RA|D)w	P(AA|D)w	logP(RR|D)w	logP(RA|D)w	logP(AA|D)w
0	rs79815064	3	A	G	0.9027	[]	23	23	0	0.9999998806266848	1.1937331530239653e-07	3.37289323552746e-98	0.9026998922417083	1.0775829172347334e-07	3.044710723710638e-98	-0.044456609383432204	-6.967549302037758	-97.51645396315068
1	rs113341849	3	G	A	1.0	[]	20	20	0	0.9999990369660458	9.630339543603455e-07	5.891233121020925e-83	0.9999990369660458	9.630339543603455e-07	5.891233121020925e-83	-4.182405336056693e-07	-6.016358400381828	-82.22979379152817
2	rs11574435	3	C	T	0.9027	[]	20	20	0	0.9999990370927527	9.629072473367325e-07	1.1749917241369124e-83	0.9026991307836278	8.692163721708684e-07	1.0606650293783907e-83	-0.04445697572576244	-6.0608721020978304	-82.97442174980428
3	rs113010081	3	T	C	1.0	[]	29	29	0	0.9999999981309136	1.8690863982215794e-09	1.4722423908665659e-120	0.9999999981309136	1.8690863982215794e-09	1.4722423908665659e-120	-8.117339283611885e-10	-8.728370622963793	-119.83202068160887
