	id	chrom	ref	alt	rsquared	other	n_total_reads	n_ref_reads	n_alt_reads	P(RR|D)	P(RA|D)	P(AA|D)	P(RR|D)w	P(RA|D)w	P(AA|D)w	logP(RR|D)w	logP(RA|D)w	logP(AA|D)w
0	rs79815064	3	A	G	0.9027	[]	11	11	0	0.9995115786572755	0.0004884213427245969	7.11974113615567e-47	0.9022591020539225	0.0004408979460774936	6.426990323607722e-47	-0.0446687280527683	-3.355661924329242	-46.19199235395718
1	rs113341849	3	G	A	1.0	[]	7	7	0	0.9922438985927204	0.007756101407279593	5.721035017967221e-30	0.9922438985927204	0.007756101407279593	5.721035017967221e-30	-0.003381562932928288	-2.1103565213656315	-29.24252539394673
2	rs11574435	3	C	T	0.9027	[]	2	2	0	0.7999830899167938	0.20001690784975754	2.233448642740561e-09	0.7221447352678897	0.1805552627159761	2.0161340898019043e-09	-0.1413757505901171	-0.7433898484988619	-8.695480587045727
3	rs113010081	3	T	C	1.0	[]	10	10	0	0.9990235320065441	0.0009764679934557597	5.36425953411661e-42	0.9990235320065441	0.0009764679934557597	5.36425953411661e-42	-0.0004242818438622212	-3.0103419873923647	-41.270490218235054
