	id	chrom	ref	alt	rsquared	other	n_total_reads	n_ref_reads	n_alt_reads	P(RR|D)	P(RA|D)	P(AA|D)	P(RR|D)w	P(RA|D)w	P(AA|D)w	logP(RR|D)w	logP(RA|D)w	logP(AA|D)w
0	rs79815064	3	A	G	0.9027	[]	6	6	0	0.9846088497058143	0.015391150294185762	6.777946030924517e-26	0.8888064086294385	0.013893591370561486	6.118451882115561e-26	-0.05119282262888142	-1.857185478465839	-25.213358451074452
1	rs113341849	3	G	A	1.0	[]	6	6	0	0.9846103743383936	0.015389625661606442	2.6975389444921396e-26	0.9846103743383936	0.015389625661606442	2.6975389444921396e-26	-0.006735592599235652	-1.8127719438511654	-25.56903227667065
2	rs11574435	3	C	T	0.9027	[]	4	4	0	0.9411618558874476	0.05883814411255239	1.4639396235952208e-17	0.8495868073095989	0.053113192690401045	1.3214982982194058e-17	-0.07079224009161673	-1.2747975918938221	-16.878933391801585
3	rs113010081	3	T	C	1.0	[]	4	4	0	0.9411047176111924	0.05889528238880728	3.6884089786515965e-16	0.9411047176111924	0.05889528238880728	3.6884089786515965e-16	-0.026362049526622508	-1.229919491538264	-15.433160929450308
