	id	chrom	ref	alt	rsquared	other	n_total_reads	n_ref_reads	n_alt_reads	P(RR|D)	P(RA|D)	P(AA|D)	P(RR|D)w	P(RA|D)w	P(AA|D)w	logP(RR|D)w	logP(RA|D)w	logP(AA|D)w
0	rs79815064	3	A	G	0.9027	[]	15	15	0	0.9999691649118692	3.083508813088109e-05	1.4341626637654227e-60	0.9026721651659443	2.7834834055746358e-05	1.294618636581047e-60	-0.04446994925534965	-4.555411363503387	-59.887858145420935
1	rs113341849	3	G	A	1.0	[]	7	7	0	0.9922452166126158	0.007754783387384259	1.1409118379988209e-30	0.9922452166126158	0.007754783387384259	1.1409118379988209e-30	-0.0033809860501797786	-2.1104303287307866	-29.942747913644816
2	rs11574435	3	C	T	0.9027	0	6	6	0	0.9846101132950368	0.015389886704963223	3.396174915767359e-26	0.8888075492714297	0.0138924507285703	3.065727096463195e-26	-0.05119226528118463	-1.8572211348231649	-25.513466507594877
3	rs113010081	3	T	C	1.0	[]	13	13	0	0.9998777674368188	0.00012223256318130615	1.256782328248844e-53	0.9998777674368188	0.00012223256318130615	1.256782328248844e-53	-5.308817231628684e-05	-3.912813081114358	-52.900739934586454
