	id	chrom	ref	alt	rsquared	other	n_total_reads	n_ref_reads	n_alt_reads	P(RR|D)	P(RA|D)	P(AA|D)	P(RR|D)w	P(RA|D)w	P(AA|D)w	logP(RR|D)w	logP(RA|D)w	logP(AA|D)w
0	rs79815064	3	A	G	0.9027	[]	3	3	0	0.8888732325899343	0.11112676740993442	1.3112411603034425e-13	0.8023858670589337	0.10031413294094779	1.1836573954059176e-13	-0.09561672942977799	-0.9986378762928952	-12.926773984113192
1	rs113341849	3	G	A	1.0	[]	5	5	0	0.9694383976295059	0.030561602370494163	6.489894291151805e-20	0.9694383976295059	0.030561602370494163	6.489894291151805e-20	-0.013479782685924967	-1.514823879074753	-19.18776237702757
2	rs11574435	3	C	T	0.9027	[]	3	3	0	0.8888732325899343	0.11112676740993442	1.3112411603034425e-13	0.8023858670589337	0.10031413294094779	1.1836573954059176e-13	-0.09561672942977799	-0.9986378762928952	-12.926773984113192
3	rs113010081	3	T	C	1.0	[]	3	3	0	0.888861942255239	0.11113805774434629	4.1478776543337836e-13	0.888861942255239	0.11113805774434629	4.1478776543337836e-13	-0.051165688268030515	-0.9541371972418708	-12.382174062030185
