	id	chrom	ref	alt	rsquared	other	n_total_reads	n_ref_reads	n_alt_reads	P(RR|D)	P(RA|D)	P(AA|D)	P(RR|D)w	P(RA|D)w	P(AA|D)w	logP(RR|D)w	logP(RA|D)w	logP(AA|D)w
0	rs79815064	3	A	G	0.9027	[]	8	5	3	3.774180363032684e-11	0.9999999999622582	8.374275208434388e-19	3.406952613709604e-11	0.9026999999659304	7.559458230653722e-19	-10.467633906862869	-0.04445655755664809	-18.121509328290937
1	rs113341849	3	G	A	1.0	[]	3	1	2	2.232198387438301e-08	0.9995775180539004	0.0004224596241156888	2.232198387438301e-08	0.9995775180539004	0.0004224596241156888	-7.651267209940134	-0.00018352034764192556	-3.3742147917123293
2	rs11574435	3	C	T	0.9027	[]	2	1	1	0.00019764268476679783	0.948106581909308	0.05169577540592534	0.00017841205153898838	0.8558558114895323	0.046665776458928804	-3.748575812851687	-0.06759939601100495	-1.3310015036699065
3	rs113010081	3	T	C	1.0	[]	7	0	7	4.7774209261018357e-26	0.007886922126648597	0.9921130778733515	4.7774209261018357e-26	0.007886922126648597	0.9921130778733515	-25.32080649247637	-2.1030924472599093	-0.003438825529625032
