	id	chrom	ref	alt	rsquared	other	n_total_reads	n_ref_reads	n_alt_reads	P(RR|D)	P(RA|D)	P(AA|D)	P(RR|D)w	P(RA|D)w	P(AA|D)w	logP(RR|D)w	logP(RA|D)w	logP(AA|D)w
0	rs79815064	3	A	G	0.9027	[]	3	3	0	0.8888688276860496	0.11113117231368876	2.616607088487004e-13	0.8023818907521969	0.10031810924756683	2.3620112187772184e-13	-0.09561888162664975	-0.9986206618312077	-12.62671804396151
1	rs113341849	3	G	A	1.0	[]	4	4	0	0.9411576815875562	0.05884231841244383	2.9215910439519745e-17	0.9411576815875562	0.05884231841244383	2.9215910439519745e-17	-0.026337608765663455	-1.2303102242195714	-16.53438057546021
2	rs11574435	3	C	T	0.9027	[]	4	4	0	0.9411466915001745	0.058853308499825306	1.1637851220615355e-16	0.8495731184172075	0.0531268815827923	1.0505488296849481e-16	-0.07079923767947068	-1.2746856753594549	-15.978583756708883
3	rs113010081	3	T	C	1.0	[]	5	5	0	0.9696834971502445	0.030316502849755504	3.1741020675054406e-21	0.9696834971502445	0.030316502849755504	3.1741020675054406e-21	-0.013369995497994879	-1.5183208980482341	-20.498379112035586
