	id	chrom	ref	alt	rsquared	other	n_total_reads	n_ref_reads	n_alt_reads	P(RR|D)	P(RA|D)	P(AA|D)	P(RR|D)w	P(RA|D)w	P(AA|D)w	logP(RR|D)w	logP(RA|D)w	logP(AA|D)w
0	rs79815064	3	A	G	0.9027	[]	1	1	0	0.6666314430962388	0.3333333333333333	3.522357042782376e-05	0.6017682036829747	0.30089999999999995	3.1796317025196505e-05	-0.22057076330554706	-0.5215778122599195	-4.497623181533352
1	rs113341849	3	G	A	1.0	[]	3	3	0	0.888861942255239	0.11113805774434629	4.1478776543337836e-13	0.888861942255239	0.11113805774434629	4.1478776543337836e-13	-0.051165688268030515	-0.9541371972418708	-12.382174062030185
2	rs11574435	3	C	T	0.9027	[]	1	1	0	0.6666314430962388	0.3333333333333333	3.522357042782376e-05	0.6017682036829747	0.30089999999999995	3.1796317025196505e-05	-0.22057076330554706	-0.5215778122599195	-4.497623181533352
3	rs113010081	3	T	C	1.0	[]	1	1	0	0.6666314430962388	0.3333333333333333	3.522357042782376e-05	0.6666314430962388	0.3333333333333333	3.522357042782376e-05	-0.17611420576529	-0.4771212547196625	-4.453166623993095
