	id	chrom	ref	alt	rsquared	other	n_total_reads	n_ref_reads	n_alt_reads	P(RR|D)	P(RA|D)	P(AA|D)	P(RR|D)w	P(RA|D)w	P(AA|D)w	logP(RR|D)w	logP(RA|D)w	logP(AA|D)w
0	rs79815064	3	A	G	0.9027	[]	19	19	0	0.9999980896857092	1.9103142907524216e-06	1.724731929176365e-80	0.9026982755592897	1.724440710262211e-06	1.5569155124675045e-80	-0.04445738718000462	-5.763351732957132	-79.80773495420434
1	rs113341849	3	G	A	1.0	[]	16	15	1	0.9641437531489306	0.03585624685106941	8.590174963520422e-56	0.9641437531489306	0.03585624685106941	8.590174963520422e-56	-0.01585820827052844	-1.4454351709136473	-55.065997990427476
2	rs11574435	3	C	T	0.9027	[]	13	13	0	0.9998778590600909	0.00012214093990905398	3.149802620370796e-56	0.9025897433735439	0.00011025662645590302	2.8433268254087176e-56	-0.044509605916229274	-3.957595299848766	-55.546173217582265
3	rs113010081	3	T	C	1.0	[]	21	21	0	0.9999995181231688	4.818768311765375e-07	4.9437592230220154e-86	0.9999995181231688	4.818768311765375e-07	4.9437592230220154e-86	-2.092764991766105e-07	-6.317063954242624	-85.30594268894255
