	id	chrom	ref	alt	rsquared	other	n_total_reads	n_ref_reads	n_alt_reads	P(RR|D)	P(RA|D)	P(AA|D)	P(RR|D)w	P(RA|D)w	P(AA|D)w	logP(RR|D)w	logP(RA|D)w	logP(AA|D)w
0	rs79815064	3	A	G	0.9027	[]	1	0	1	3.522357042782376e-05	0.3333333333333333	0.6666314430962388	3.1796317025196505e-05	0.30089999999999995	0.6017682036829747	-4.497623181533352	-0.5215778122599195	-0.22057076330554706
1	rs113341849	3	G	A	1.0	[]	4	0	4	7.335943682088565e-18	0.058835231375127445	0.9411647686248725	7.335943682088565e-18	0.058835231375127445	0.9411647686248725	-17.134544011396386	-1.2303625343026556	-0.026334338485165875
2	rs11574435	3	C	T	0.9027	[]	3	2	1	0.0004224596241156888	0.9995775180539004	2.232198387438301e-08	0.0003813543026892323	0.9023186255472558	2.015005484340554e-08	-3.4186713492525866	-0.04464007788789895	-7.695723767480391
3	rs113010081	3	T	C	1.0	[]	5	2	3	4.719303971948911e-12	0.9999999106790537	8.931622714615571e-08	4.719303971948911e-12	0.9999999106790537	8.931622714615571e-08	-11.32612204870315	-3.8791595831515615e-08	-7.049069630475343
