	id	chrom	ref	alt	rsquared	other	n_total_reads	n_ref_reads	n_alt_reads	P(RR|D)	P(RA|D)	P(AA|D)	P(RR|D)w	P(RA|D)w	P(AA|D)w	logP(RR|D)w	logP(RA|D)w	logP(AA|D)w
0	rs79815064	3	A	G	0.9027	[]	4	4	0	0.9411530219606152	0.05884697803938478	3.678975037764208e-17	0.8495788329238473	0.05312116707615264	3.3210107665897504e-17	-0.07079631648257771	-1.2747323920518387	-16.47872971643325
1	rs113341849	3	G	A	1.0	[]	6	3	3	1.1882201744220646e-11	0.9999999999786798	9.43798095323532e-12	1.1882201744220646e-11	0.9999999999786798	9.43798095323532e-12	-10.92510307814533	-9.259231252076728e-12	-11.025120903440744
2	rs11574435	3	C	T	0.9027	[]	4	2	2	4.4615616939709844e-08	0.9999990625033409	8.928810421930748e-07	4.0274517411476076e-08	0.9026991537217658	8.060037167876886e-07	-7.394969654801696	-0.04445696469007372	-6.093662955494336
3	rs113010081	3	T	C	1.0	[]	4	1	3	5.932163939846057e-11	0.9991561712653806	0.0008438286752976952	5.932163939846057e-11	0.9991561712653806	0.0008438286752976952	-10.22678685542068	-0.000366624869180027	-3.073745720347888
