	id	chrom	ref	alt	rsquared	other	n_total_reads	n_ref_reads	n_alt_reads	P(RR|D)	P(RA|D)	P(AA|D)	P(RR|D)w	P(RA|D)w	P(AA|D)w	logP(RR|D)w	logP(RA|D)w	logP(AA|D)w
0	rs79815064	3	A	G	0.9027	[]	23	10	13	5.377718959926679e-47	1.0	2.806451110070844e-35	4.854466905125813e-47	0.9027	2.533383417060951e-35	-46.313858455328365	-0.04445655754025703	-34.59629907656853
1	rs113341849	3	G	A	1.0	[]	20	8	12	1.5555330401197033e-45	1.0	2.0465153764628284e-26	1.5555330401197033e-45	1.0	2.0465153764628284e-26	-44.80812075987558	0.0	-25.688984987941325
2	rs11574435	3	C	T	0.9027	[]	21	13	8	6.446028623556908e-26	1.0	2.654789788745332e-47	5.818830038484821e-26	0.9027	2.396478742300411e-47	-25.23516432787725	-0.04445655754025703	-46.62042641901627
3	rs113010081	3	T	C	1.0	[]	17	8	9	5.2923182481726146e-33	1.0	1.2619189644100216e-28	5.2923182481726146e-33	1.0	1.2619189644100216e-28	-32.27635404784253	0.0	-27.898968532920357
