	id	chrom	ref	alt	rsquared	other	n_total_reads	n_ref_reads	n_alt_reads	P(RR|D)	P(RA|D)	P(AA|D)	P(RR|D)w	P(RA|D)w	P(AA|D)w	logP(RR|D)w	logP(RA|D)w	logP(AA|D)w
0	rs79815064	3	A	G	0.9027	[]	24	24	0	0.9999999403038404	5.969615962703459e-08	5.637527250212835e-102	0.9026999461122767	5.388772329532412e-08	5.0889958487671255e-102	-0.04445658346597052	-7.268510164542116	-101.29336790339242
1	rs113341849	3	G	A	1.0	[]	20	18	2	0.002887159976312161	0.9971128400236878	1.739664198346531e-66	0.002887159976312161	0.9971128400236878	1.739664198346531e-66	-2.539529151379158	-0.0012556912103029463	-65.75953457406189
2	rs11574435	3	C	T	0.9027	[]	14	14	0	0.9999389096590408	6.109034095925622e-05	1.6654548149805428e-59	0.902644853749216	5.5146250783920584e-05	1.503406061482936e-59	-0.04448308954866621	-4.258484008504003	-58.82292370308335
3	rs113010081	3	T	C	1.0	[]	11	11	0	0.9995111223161437	0.0004888776838563501	8.988348775550786e-46	0.9995111223161437	0.0004888776838563501	8.988348775550786e-46	-0.0002123687958376887	-3.3107997868295267	-45.046320083965604
