	id	chrom	ref	alt	rsquared	other	n_total_reads	n_ref_reads	n_alt_reads	P(RR|D)	P(RA|D)	P(AA|D)	P(RR|D)w	P(RA|D)w	P(AA|D)w	logP(RR|D)w	logP(RA|D)w	logP(AA|D)w
0	rs79815064	3	A	G	0.9027	[]	1	1	0	0.6666314430962388	0.3333333333333333	3.522357042782376e-05	0.6017682036829747	0.30089999999999995	3.1796317025196505e-05	-0.22057076330554706	-0.5215778122599195	-4.497623181533352
1	rs113341849	3	G	A	1.0	[]	1	1	0	0.6666314430962388	0.3333333333333333	3.522357042782376e-05	0.6666314430962388	0.3333333333333333	3.522357042782376e-05	-0.17611420576529	-0.4771212547196625	-4.453166623993095
2	rs11574435	3	C	T	0.9027	[]	2	2	0	0.7999809000178489	0.200019097170298	2.8118529633774003e-09	0.7221427584461122	0.180557239015628	2.538259670040779e-09	-0.1413769394431583	-0.7433850948775982	-8.595463950603355
3	rs113010081	3	T	C	1.0	[]	6	6	0	0.9844805839268346	0.015519416073165404	6.949126781417602e-24	0.9844805839268346	0.015519416073165404	6.949126781417602e-24	-0.0067928446620609565	-1.8091246233467022	-23.15806976488296
