	id	chrom	ref	alt	rsquared	other	n_total_reads	n_ref_reads	n_alt_reads	P(RR|D)	P(RA|D)	P(AA|D)	P(RR|D)w	P(RA|D)w	P(AA|D)w	logP(RR|D)w	logP(RA|D)w	logP(AA|D)w
0	rs79815064	3	A	G	0.9027	[]	4	4	0	0.9411647686248725	0.058835231375127445	7.335943682088565e-18	0.8495894366376724	0.05311056336232754	6.622156361821347e-18	-0.07079089602542289	-1.2748190918429125	-17.17900056893664
1	rs113341849	3	G	A	1.0	[]	3	3	0	0.8869521030095139	0.11304789004585362	6.944632594472564e-09	0.8869521030095139	0.11304789004585362	6.944632594472564e-09	-0.0520998322092139	-0.9467375390240103	-8.158350725651912
2	rs11574435	3	C	T	0.9027	[]	4	4	0	0.9408705532231149	0.059129446776884254	7.450571707766607e-16	0.8493238483945057	0.053376151605493416	6.725631080600916e-16	-0.0709266810715715	-1.27265274184016	-15.172266958617199
3	rs113010081	3	T	C	1.0	[]	3	3	0	0.888774017086869	0.1112259829105072	2.623860818345077e-12	0.888774017086869	0.1112259829105072	2.623860818345077e-12	-0.05120865028764309	-0.9537937476772582	-11.581059205663697
