	id	chrom	ref	alt	rsquared	other	n_total_reads	n_ref_reads	n_alt_reads	P(RR|D)	P(RA|D)	P(AA|D)	P(RR|D)w	P(RA|D)w	P(AA|D)w	logP(RR|D)w	logP(RA|D)w	logP(AA|D)w
0	rs79815064	3	A	G	0.9027	[]	12	12	0	0.9997556782806233	0.0002443217193766311	1.4987289853121706e-50	0.9024794507839186	0.0002205492160812849	1.3529026550412965e-50	-0.044562678079095676	-3.6564944815363436	-49.868733450925895
1	rs113341849	3	G	A	1.0	[]	10	10	0	0.9990234389796907	0.000976561020309234	3.3855859321139403e-42	0.9990234389796907	0.000976561020309234	3.3855859321139403e-42	-0.00042432228440211404	-3.0103006146847617	-41.47036615857036
2	rs11574435	3	C	T	0.9027	[]	6	6	0	0.9846086950164913	0.015391304983508698	1.0742647943830966e-25	0.8888062689913866	0.0138937310086133	9.697388298896213e-26	-0.05119289085975777	-1.8571811135950869	-25.013345214197862
3	rs113010081	3	T	C	1.0	[]	8	8	0	0.9961068810164478	0.0038931189835521686	2.410077204966631e-34	0.9961068810164478	0.0038931189835521686	2.410077204966631e-34	-0.001694059824005364	-2.409702322942384	-33.61796904491313
