	id	chrom	ref	alt	rsquared	other	n_total_reads	n_ref_reads	n_alt_reads	P(RR|D)	P(RA|D)	P(AA|D)	P(RR|D)w	P(RA|D)w	P(AA|D)w	logP(RR|D)w	logP(RA|D)w	logP(AA|D)w
0	rs79815064	3	A	G	0.9027	[]	2	1	1	0.00021124097304978166	0.9995775180539005	0.00021124097304978166	0.0001906872263720379	0.902318625547256	0.0001906872263720379	-3.719678398206959	-0.044640077887898894	-3.719678398206959
1	rs113341849	3	G	A	1.0	[]	4	4	0	0.9411647686248725	0.058835231375127445	7.335943682088565e-18	0.9411647686248725	0.058835231375127445	7.335943682088565e-18	-0.026334338485165875	-1.2303625343026556	-17.134544011396386
2	rs11574435	3	C	T	0.9027	[]	4	2	2	4.470296940717639e-07	0.9999995083311112	4.463919481087734e-08	4.0353370483858126e-07	0.902699556170494	4.029580115577897e-08	-6.394120185318402	-0.04445677106939485	-7.394740205220651
3	rs113010081	3	T	C	1.0	[]	3	2	1	0.00042242586685180554	0.9995775180539005	5.607924775764518e-08	0.00042242586685180554	0.9995775180539005	5.607924775764518e-08	-3.3742494960446754	-0.0001835203476418773	-7.251197820592305
