	id	chrom	ref	alt	rsquared	other	n_total_reads	n_ref_reads	n_alt_reads	P(RR|D)	P(RA|D)	P(AA|D)	P(RR|D)w	P(RA|D)w	P(AA|D)w	logP(RR|D)w	logP(RA|D)w	logP(AA|D)w
0	rs79815064	3	A	G	0.9027	[]	1	1	0	0.6666314430962388	0.3333333333333333	3.522357042782376e-05	0.6017682036829747	0.30089999999999995	3.1796317025196505e-05	-0.22057076330554706	-0.5215778122599195	-4.497623181533352
1	rs113341849	3	G	A	1.0	[]	1	0	1	0.00011141216637636624	0.33333333333333337	0.6665552545002903	0.00011141216637636624	0.33333333333333337	0.6665552545002903	-3.9530673809611123	-0.4771212547196624	-0.17616384365456697
2	rs11574435	3	C	T	0.9027	[]	0	0	0	0.33	0.33	0.33	0.297891	0.297891	0.297891	-0.5259426176623695	-0.5259426176623695	-0.5259426176623695
3	rs113010081	3	T	C	1.0	[]	2	2	0	0.7999830899167938	0.20001690784975754	2.233448642740561e-09	0.7999830899167938	0.20001690784975754	2.233448642740561e-09	-0.09691919304986003	-0.6989332909586049	-8.65102402950547
