	id	chrom	ref	alt	rsquared	other	n_total_reads	n_ref_reads	n_alt_reads	P(RR|D)	P(RA|D)	P(AA|D)	P(RR|D)w	P(RA|D)w	P(AA|D)w	logP(RR|D)w	logP(RA|D)w	logP(AA|D)w
0	rs79815064	3	A	G	0.9027	[]	2	1	1	0.00021124097304978166	0.9995775180539005	0.00021124097304978166	0.0001906872263720379	0.902318625547256	0.0001906872263720379	-3.719678398206959	-0.044640077887898894	-3.719678398206959
1	rs113341849	3	G	A	1.0	[]	5	3	2	2.243880374857524e-07	0.9999997756072436	4.718926231559865e-12	2.243880374857524e-07	0.9999997756072436	4.718926231559865e-12	-6.649000299788465	-9.745254680702006e-08	-11.326156811696444
2	rs11574435	3	C	T	0.9027	[]	5	2	3	1.4927160220194218e-11	0.9999999106790535	8.93060192899076e-08	1.347474753076932e-11	0.9026999193699815	8.061654361299958e-08	-10.870479363211421	-0.04445659633185296	-7.0935758259048765
3	rs113010081	3	T	C	1.0	[]	6	1	5	4.493265493518801e-17	0.5364891907722998	0.46351080922770016	4.493265493518801e-17	0.5364891907722998	0.46351080922770016	-16.347437919496514	-0.27043902381030405	-0.3339401335082521
