	id	chrom	ref	alt	rsquared	other	n_total_reads	n_ref_reads	n_alt_reads	P(RR|D)	P(RA|D)	P(AA|D)	P(RR|D)w	P(RA|D)w	P(AA|D)w	logP(RR|D)w	logP(RA|D)w	logP(AA|D)w
0	rs79815064	3	A	G	0.9027	[]	1	1	0	0.6666314430962388	0.3333333333333333	3.522357042782376e-05	0.6017682036829747	0.30089999999999995	3.1796317025196505e-05	-0.22057076330554706	-0.5215778122599195	-4.497623181533352
1	rs113341849	3	G	A	1.0	[]	3	2	1	0.0004224113416562581	0.9995775180539005	7.060444330478329e-08	0.0004224113416562581	0.9995775180539005	7.060444330478329e-08	-3.374264429601607	-0.0001835203476418773	-7.151167966908152
2	rs11574435	3	C	T	0.9027	[]	6	4	2	1.7844374544939244e-07	0.9999998215562447	9.970184455708919e-15	1.6108116901716654e-07	0.902699838918822	9.00008550816844e-15	-6.79295522724028	-0.04445663503740222	-14.045753364388531
3	rs113010081	3	T	C	1.0	[]	2	2	0	0.7999830899167938	0.20001690784975754	2.233448642740561e-09	0.7999830899167938	0.20001690784975754	2.233448642740561e-09	-0.09691919304986003	-0.6989332909586049	-8.65102402950547
