	id	chrom	ref	alt	rsquared	other	n_total_reads	n_ref_reads	n_alt_reads	P(RR|D)	P(RA|D)	P(AA|D)	P(RR|D)w	P(RA|D)w	P(AA|D)w	logP(RR|D)w	logP(RA|D)w	logP(AA|D)w
0	rs79815064	3	A	G	0.9027	[]	3	3	0	0.8888653390575143	0.11113466094215625	3.294449163755528e-13	0.8023787415672181	0.10032125843248445	2.973899260122115e-13	-0.09562058614710127	-0.9986070286778725	-12.52667374715034
1	rs113341849	3	G	A	1.0	[]	7	7	0	0.9922437221297921	0.007756277870207938	9.067851657945217e-30	0.9922437221297921	0.007756277870207938	9.067851657945217e-30	-0.003381640168860884	-2.110346640627845	-29.04249559316206
2	rs11574435	3	C	T	0.9027	[]	8	8	0	0.9961066909941746	0.003893309005825362	3.8202756370803356e-34	0.8991855099604413	0.0035144900395585542	3.4485628175924187e-34	-0.046150700212432776	-2.45413768318272	-33.46236185867453
3	rs113010081	3	T	C	1.0	[]	2	2	0	0.7999647969909602	0.2000351959439949	7.065044805822473e-09	0.7999647969909602	0.2000351959439949	7.065044805822473e-09	-0.09692912401925313	-0.698893584038721	-8.150885079553603
