	id	chrom	ref	alt	rsquared	other	n_total_reads	n_ref_reads	n_alt_reads	P(RR|D)	P(RA|D)	P(AA|D)	P(RR|D)w	P(RA|D)w	P(AA|D)w	logP(RR|D)w	logP(RA|D)w	logP(AA|D)w
0	rs79815064	3	A	G	0.9027	[]	4	0	4	1.1627744112127971e-17	0.05883694301597686	0.9411630569840231	1.049636461001792e-17	0.05311210846052231	0.8495878915394777	-16.97896109170998	-1.2748064574851334	-0.07079168585189814
1	rs113341849	3	G	A	1.0	[]	0	0	0	0.33	0.33	0.33	0.33	0.33	0.33	-0.4814860601221125	-0.4814860601221125	-0.4814860601221125
2	rs11574435	3	C	T	0.9027	[]	0	0	0	0.33	0.33	0.33	0.297891	0.297891	0.297891	-0.5259426176623695	-0.5259426176623695	-0.5259426176623695
3	rs113010081	3	T	C	1.0	[]	2	2	0	0.7999830899167938	0.20001690784975754	2.233448642740561e-09	0.7999830899167938	0.20001690784975754	2.233448642740561e-09	-0.09691919304986003	-0.6989332909586049	-8.65102402950547
