	id	chrom	ref	alt	rsquared	other	n_total_reads	n_ref_reads	n_alt_reads	P(RR|D)	P(RA|D)	P(AA|D)	P(RR|D)w	P(RA|D)w	P(AA|D)w	logP(RR|D)w	logP(RA|D)w	logP(AA|D)w
0	rs79815064	3	A	G	0.9027	[]	7	4	3	2.37612490580381e-11	0.9999999999762362	2.5055502470271097e-15	2.1449279524690994e-11	0.9026999999785484	2.261760207991372e-15	-10.668587291064622	-0.04445655755057748	-14.645553440907664
1	rs113341849	3	G	A	1.0	[]	6	2	4	4.986921629445109e-16	0.9999998213769992	1.7862300023165594e-07	4.986921629445109e-16	0.9999998213769992	1.7862300023165594e-07	-15.302167456759975	-7.757499053194996e-08	-6.748062620304366
2	rs11574435	3	C	T	0.9027	[]	13	6	7	9.348337327652082e-25	1.0	2.8688956702772676e-20	8.438744105671534e-25	0.9027	2.5897521215592893e-20	-24.073722182350803	-0.04445655754025703	-19.5867418024789
3	rs113010081	3	T	C	1.0	[]	8	2	6	5.568465703751614e-24	0.9999991005789504	8.994210496521739e-07	5.568465703751614e-24	0.9999991005789504	8.994210496521739e-07	-23.25426445081993	-3.906137744286742e-07	-6.046036952613297
