	id	chrom	ref	alt	rsquared	other	n_total_reads	n_ref_reads	n_alt_reads	P(RR|D)	P(RA|D)	P(AA|D)	P(RR|D)w	P(RA|D)w	P(AA|D)w	logP(RR|D)w	logP(RA|D)w	logP(AA|D)w
0	rs79815064	3	A	G	0.9027	[]	2	2	0	0.7999491400785942	0.20005084872099851	1.1200407207749574e-08	0.7221140887489469	0.18058590114044534	1.011060758643554e-08	-0.14139418165503018	-0.7433161593155463	-7.995222745150094
1	rs113341849	3	G	A	1.0	[]	3	3	0	0.888845021383149	0.11115497861477108	2.0798919163255886e-12	0.888845021383149	0.11115497861477108	2.0798919163255886e-12	-0.05117395581890159	-0.9540710805448385	-11.681959233000223
2	rs11574435	3	C	T	0.9027	[]	3	3	0	0.8888653390575143	0.11113466094215625	3.294449163755528e-13	0.8023787415672181	0.10032125843248445	2.973899260122115e-13	-0.09562058614710127	-0.9986070286778725	-12.52667374715034
3	rs113010081	3	T	C	1.0	[]	1	1	0	0.6666314430962388	0.3333333333333333	3.522357042782376e-05	0.6666314430962388	0.3333333333333333	3.522357042782376e-05	-0.17611420576529	-0.4771212547196625	-4.453166623993095
