	id	chrom	ref	alt	rsquared	other	n_total_reads	n_ref_reads	n_alt_reads	P(RR|D)	P(RA|D)	P(AA|D)	P(RR|D)w	P(RA|D)w	P(AA|D)w	logP(RR|D)w	logP(RA|D)w	logP(AA|D)w
0	rs79815064	3	A	G	0.9027	[]	0	0	0	0.33	0.33	0.33	0.297891	0.297891	0.297891	-0.5259426176623695	-0.5259426176623695	-0.5259426176623695
1	rs113341849	3	G	A	1.0	[]	3	3	0	0.8880229788726155	0.11197702107388496	5.349960058703129e-11	0.8880229788726155	0.11197702107388496	5.349960058703129e-11	-0.05157579608124365	-0.9508710902289809	-10.271649460287104
2	rs11574435	3	C	T	0.9027	[]	2	2	0	0.7999830899167938	0.20001690784975754	2.233448642740561e-09	0.7221447352678897	0.1805552627159761	2.0161340898019043e-09	-0.1413757505901171	-0.7433898484988619	-8.695480587045727
3	rs113010081	3	T	C	1.0	[]	3	3	0	0.8888732325899343	0.11112676740993442	1.3112411603034425e-13	0.8888732325899343	0.11112676740993442	1.3112411603034425e-13	-0.05116017188952095	-0.9541813187526382	-12.882317426572934
