	id	chrom	ref	alt	rsquared	other	n_total_reads	n_ref_reads	n_alt_reads	P(RR|D)	P(RA|D)	P(AA|D)	P(RR|D)w	P(RA|D)w	P(AA|D)w	logP(RR|D)w	logP(RA|D)w	logP(AA|D)w
0	rs79815064	3	A	G	0.9027	[]	24	24	0	0.9999999402946967	5.970530315073023e-08	2.2453712255541913e-101	0.9026999461040227	5.3895977154164176e-08	2.0268966053077684e-101	-0.044456583469941545	-7.26844364974738	-100.69316840468123
1	rs113341849	3	G	A	1.0	[]	20	20	0	0.9999990348099852	9.651900148250642e-07	4.710465489096691e-83	0.9999990348099852	9.651900148250642e-07	4.710465489096691e-83	-4.1917689970895133e-07	-6.0153871796443195	-82.32693617368702
2	rs11574435	3	C	T	0.9027	[]	11	11	0	0.9995115307523909	0.0004884692476091538	2.8352542519180195e-46	0.9022590588101832	0.00044094118981678315	2.559384013206396e-46	-0.044668748867762294	-3.3556193303535364	-45.59186454713183
3	rs113010081	3	T	C	1.0	[]	20	20	0	0.9999990368594371	9.631405627457324e-07	1.4803022347390426e-82	0.9999990368594371	9.631405627457324e-07	1.4803022347390426e-82	-4.182868331816659e-07	-6.016310326406044	-81.82964960522743
