	id	chrom	ref	alt	rsquared	other	n_total_reads	n_ref_reads	n_alt_reads	P(RR|D)	P(RA|D)	P(AA|D)	P(RR|D)w	P(RA|D)w	P(AA|D)w	logP(RR|D)w	logP(RA|D)w	logP(AA|D)w
0	rs79815064	3	A	G	0.9027	[]	3	2	1	0.0005318015292486618	0.9994681761515145	2.2319236717219006e-08	0.00048005724045276695	0.9022199226119721	2.0147574984633594e-08	-3.3187069756855507	-0.044687587141971505	-7.695777219208769
1	rs113341849	3	G	A	1.0	[]	0	0	0	0.33	0.33	0.33	0.33	0.33	0.33	-0.4814860601221125	-0.4814860601221125	-0.4814860601221125
2	rs11574435	3	C	T	0.9027	[]	0	0	0	0.33	0.33	0.33	0.297891	0.297891	0.297891	-0.5259426176623695	-0.5259426176623695	-0.5259426176623695
3	rs113010081	3	T	C	1.0	[]	1	1	0	0.6666314430962388	0.3333333333333333	3.522357042782376e-05	0.6666314430962388	0.3333333333333333	3.522357042782376e-05	-0.17611420576529	-0.4771212547196625	-4.453166623993095
