	id	chrom	ref	alt	rsquared	other	n_total_reads	n_ref_reads	n_alt_reads	P(RR|D)	P(RA|D)	P(AA|D)	P(RR|D)w	P(RA|D)w	P(AA|D)w	logP(RR|D)w	logP(RA|D)w	logP(AA|D)w
0	rs79815064	3	A	G	0.9027	[]	1	1	0	0.6665781749204112	0.33333333333333326	8.849174625547878e-05	0.6017201185006551	0.3008999999999999	7.988149934482069e-05	-0.22060546763789307	-0.5215778122599196	-4.097553792185523
1	rs113341849	3	G	A	1.0	[]	1	0	1	8.849174625547879e-05	0.3333333333333333	0.6665781749204113	8.849174625547879e-05	0.3333333333333333	0.6665781749204113	-4.053097234645266	-0.4771212547196625	-0.17614891009763597
2	rs11574435	3	C	T	0.9027	[]	0	0	0	0.33	0.33	0.33	0.297891	0.297891	0.297891	-0.5259426176623695	-0.5259426176623695	-0.5259426176623695
3	rs113010081	3	T	C	1.0	[]	2	1	1	0.00019764268476679783	0.948106581909308	0.05169577540592534	0.00019764268476679783	0.948106581909308	0.05169577540592534	-3.70411925531143	-0.023142838470747926	-1.2865449461296494
