	id	chrom	ref	alt	rsquared	other	n_total_reads	n_ref_reads	n_alt_reads	P(RR|D)	P(RA|D)	P(AA|D)	P(RR|D)w	P(RA|D)w	P(AA|D)w	logP(RR|D)w	logP(RA|D)w	logP(AA|D)w
0	rs79815064	3	A	G	0.9027	[]	26	26	0	0.9999999850700539	1.492994603195755e-08	1.9831771135688817e-109	0.9026999865227376	1.3477262283048078e-08	1.7902139804186294e-109	-0.044456564024250265	-7.870398319678955	-108.7470950556341
1	rs113341849	3	G	A	1.0	[]	26	26	0	0.9999999850666933	1.4933306707939024e-08	1.9845154064526079e-109	0.9999999850666933	1.4933306707939024e-08	1.9845154064526079e-109	-6.485452745813202e-09	-7.825844015047777	-108.70234552517134
2	rs11574435	3	C	T	0.9027	[]	23	23	0	0.9999998784887073	1.2151129262982978e-07	1.4156025429155885e-90	0.902699890311756	1.0968824385694734e-07	1.2778644154899016e-90	-0.04445661031194415	-6.959839916651829	-89.89351522342982
3	rs113010081	3	T	C	1.0	[]	20	20	0	0.9999990449932543	9.550067456199955e-07	1.4434263709790787e-84	0.9999990449932543	9.550067456199955e-07	1.4434263709790787e-84	-4.1475435787769804e-07	-6.019993560798249	-83.84060536453217
