	id	chrom	ref	alt	rsquared	other	n_total_reads	n_ref_reads	n_alt_reads	P(RR|D)	P(RA|D)	P(AA|D)	P(RR|D)w	P(RA|D)w	P(AA|D)w	logP(RR|D)w	logP(RA|D)w	logP(AA|D)w
0	rs79815064	3	A	G	0.9027	[]	1	1	0	0.6666314430962388	0.3333333333333333	3.522357042782376e-05	0.6017682036829747	0.30089999999999995	3.1796317025196505e-05	-0.22057076330554706	-0.5215778122599195	-4.497623181533352
1	rs113341849	3	G	A	1.0	[]	3	2	1	0.0004224596241156888	0.9995775180539004	2.232198387438301e-08	0.0004224596241156888	0.9995775180539004	2.232198387438301e-08	-3.3742147917123293	-0.00018352034764192556	-7.651267209940134
2	rs11574435	3	C	T	0.9027	[]	1	1	0	0.6666314430962388	0.3333333333333333	3.522357042782376e-05	0.6017682036829747	0.30089999999999995	3.1796317025196505e-05	-0.22057076330554706	-0.5215778122599195	-4.497623181533352
3	rs113010081	3	T	C	1.0	[]	5	0	5	6.489894291151805e-20	0.030561602370494163	0.9694383976295059	6.489894291151805e-20	0.030561602370494163	0.9694383976295059	-19.18776237702757	-1.514823879074753	-0.013479782685924967
