	id	chrom	ref	alt	rsquared	other	n_total_reads	n_ref_reads	n_alt_reads	P(RR|D)	P(RA|D)	P(AA|D)	P(RR|D)w	P(RA|D)w	P(AA|D)w	logP(RR|D)w	logP(RA|D)w	logP(AA|D)w
0	rs79815064	3	A	G	0.9027	[]	4	2	2	9.101796415735277e-06	0.9999908540220778	4.418150644544303e-08	8.216191624484234e-06	0.9026917439257296	3.9882645868301425e-08	-5.085329440335119	-0.044460529606164485	-7.399216037725318
1	rs113341849	3	G	A	1.0	[]	2	0	2	5.825802994609448e-07	0.2022135810691037	0.7977858363505969	5.825802994609448e-07	0.2022135810691037	0.7977858363505969	-6.2346442055649645	-0.6941896796782584	-0.09811367829113575
2	rs11574435	3	C	T	0.9027	[]	3	2	1	0.0005317590395056631	0.9994681848881477	5.607234659836179e-08	0.00048001888496176204	0.9022199304985309	5.061650727434118e-08	-3.318741676221606	-0.044687583345680994	-7.295707826064649
3	rs113010081	3	T	C	1.0	[]	1	0	1	3.522357042782376e-05	0.3333333333333333	0.6666314430962388	3.522357042782376e-05	0.3333333333333333	0.6666314430962388	-4.453166623993095	-0.4771212547196625	-0.17611420576529
