	id	chrom	ref	alt	rsquared	other	n_total_reads	n_ref_reads	n_alt_reads	P(RR|D)	P(RA|D)	P(AA|D)	P(RR|D)w	P(RA|D)w	P(AA|D)w	logP(RR|D)w	logP(RA|D)w	logP(AA|D)w
0	rs79815064	3	A	G	0.9027	[]	9	9	0	0.9980493899436351	0.001950610056364902	2.0226736080779583e-38	0.9009391843021194	0.001760815697880597	1.825867466011973e-38	-0.04530452401918199	-2.754286098650681	-37.73853074973086
1	rs113341849	3	G	A	1.0	[]	4	4	0	0.9411647686248725	0.058835231375127445	7.335943682088565e-18	0.9411647686248725	0.058835231375127445	7.335943682088565e-18	-0.026334338485165875	-1.2303625343026556	-17.134544011396386
2	rs11574435	3	C	T	0.9027	[]	6	6	0	0.9846105816733762	0.015389418326623659	2.1426438540503462e-26	0.8888079720765567	0.013892027923443176	1.9341646070512472e-26	-0.05119205868765372	-1.8572343524138883	-25.713506568054484
3	rs113010081	3	T	C	1.0	[]	4	4	0	0.9411336713386006	0.05886632866139893	4.636314258627146e-16	0.9411336713386006	0.05886632866139893	4.636314258627146e-16	-0.02634868836671979	-1.230133049151568	-15.333827134364592
