	id	chrom	ref	alt	rsquared	other	n_total_reads	n_ref_reads	n_alt_reads	P(RR|D)	P(RA|D)	P(AA|D)	P(RR|D)w	P(RA|D)w	P(AA|D)w	logP(RR|D)w	logP(RA|D)w	logP(AA|D)w
0	rs79815064	3	A	G	0.9027	[]	3	2	1	0.00042242586685180554	0.9995775180539005	5.607924775764518e-08	0.00038132383000712486	0.902318625547256	5.0622736950826305e-08	-3.4187060535849327	-0.044640077887898894	-7.295654378132562
1	rs113341849	3	G	A	1.0	[]	4	4	0	0.9405653580334261	0.059434641966572443	1.510309324456272e-15	0.9405653580334261	0.059434641966572443	1.510309324456272e-15	-0.02661102079723225	-1.2259603491336892	-14.820934096318252
2	rs11574435	3	C	T	0.9027	[]	2	1	1	0.00021124097304978166	0.9995775180539005	0.00021124097304978166	0.0001906872263720379	0.902318625547256	0.0001906872263720379	-3.719678398206959	-0.044640077887898894	-3.719678398206959
3	rs113010081	3	T	C	1.0	[]	1	0	1	3.522357042782376e-05	0.3333333333333333	0.6666314430962388	3.522357042782376e-05	0.3333333333333333	0.6666314430962388	-4.453166623993095	-0.4771212547196625	-0.17611420576529
