	id	chrom	ref	alt	rsquared	other	n_total_reads	n_ref_reads	n_alt_reads	P(RR|D)	P(RA|D)	P(AA|D)	P(RR|D)w	P(RA|D)w	P(AA|D)w	logP(RR|D)w	logP(RA|D)w	logP(AA|D)w
0	rs79815064	3	A	G	0.9027	[]	6	5	1	0.004215432800711784	0.9957845671992882	5.291180644015849e-18	0.003805271189202527	0.8988947288107975	4.776348767353107e-18	-2.419614387046534	-0.04629116630188716	-17.320903968686324
1	rs113341849	3	G	A	1.0	[]	13	9	4	3.199077294042787e-13	0.9999999999996801	3.307938075138434e-35	3.199077294042787e-13	0.9999999999996801	3.307938075138434e-35	-12.494975266645891	-1.3891137155702322e-13	-34.48044262907034
2	rs11574435	3	C	T	0.9027	[]	10	4	6	2.802795428900084e-23	0.9999999999996821	3.178393466038465e-13	2.5300834336681054e-23	0.9026999999997131	2.869135781792922e-13	-22.596865157012243	-0.04445655754039505	-12.542248898290067
3	rs113010081	3	T	C	1.0	[]	16	8	8	4.0320729699290635e-27	1.0	1.012332341765692e-27	4.0320729699290635e-27	1.0	1.012332341765692e-27	-26.39447161690212	0.0	-26.994676888187534
