	id	chrom	ref	alt	rsquared	other	n_total_reads	n_ref_reads	n_alt_reads	P(RR|D)	P(RA|D)	P(AA|D)	P(RR|D)w	P(RA|D)w	P(AA|D)w	logP(RR|D)w	logP(RA|D)w	logP(AA|D)w
0	rs79815064	3	A	G	0.9027	[]	5	5	0	0.9696779350880701	0.030322064911929847	1.0043030735544546e-20	0.8753282720040009	0.02737172799599907	9.06584384497606e-21	-0.05782904413957028	-1.5626977844153003	-20.04259176573721
1	rs113341849	3	G	A	1.0	[]	7	6	1	0.40588333211464883	0.5941166678853512	4.134031907036548e-24	0.40588333211464883	0.5941166678853512	4.134031907036548e-24	-0.3915987829257882	-0.226128263362935	-23.383626175750234
2	rs11574435	3	C	T	0.9027	[]	6	6	0	0.9846093707883617	0.015390629211638224	5.383361559612586e-26	0.8888068790106541	0.013893120989345824	4.8595604798622815e-26	-0.05119259278815311	-1.8572001821820416	-25.313403008474808
3	rs113010081	3	T	C	1.0	[]	7	7	0	0.9922442318011034	0.007755768198896502	4.543791152120023e-30	0.9922442318011034	0.007755768198896502	4.543791152120023e-30	-0.003381417091227506	-2.1103751794082526	-29.34258163846919
