	id	chrom	ref	alt	rsquared	other	n_total_reads	n_ref_reads	n_alt_reads	P(RR|D)	P(RA|D)	P(AA|D)	P(RR|D)w	P(RA|D)w	P(AA|D)w	logP(RR|D)w	logP(RA|D)w	logP(AA|D)w
0	rs79815064	3	A	G	0.9027	[]	4	3	1	0.0008440004921697351	0.9991559994781112	2.971915273752658e-11	0.0007618792442816198	0.9019381207288909	2.682747917616524e-11	-3.1181138576604104	-0.04482325707871472	-10.571420133564168
1	rs113341849	3	G	A	1.0	[]	5	1	4	3.9352955203408794e-16	0.995771382210575	0.004228617789424635	3.9352955203408794e-16	0.995771382210575	0.004228617789424635	-15.405022648810819	-0.0018403592080023655	-2.3738015675003705
2	rs11574435	3	C	T	0.9027	[]	5	1	4	2.489385018057802e-16	0.9983124784554123	0.0016875215445875242	2.247167855800778e-16	0.9011766743017006	0.001523325698299158	-15.648364486047575	-0.04519005790821585	-2.8172072313641587
3	rs113010081	3	T	C	1.0	[]	3	1	2	2.232198387438301e-08	0.9995775180539004	0.0004224596241156888	2.232198387438301e-08	0.9995775180539004	0.0004224596241156888	-7.651267209940134	-0.00018352034764192556	-3.3742147917123293
