	id	chrom	ref	alt	rsquared	other	n_total_reads	n_ref_reads	n_alt_reads	P(RR|D)	P(RA|D)	P(AA|D)	P(RR|D)w	P(RA|D)w	P(AA|D)w	logP(RR|D)w	logP(RA|D)w	logP(AA|D)w
0	rs79815064	3	A	G	0.9027	[]	3	3	0	0.8888732325899343	0.11112676740993442	1.3112411603034425e-13	0.8023858670589337	0.10031413294094779	1.1836573954059176e-13	-0.09561672942977799	-0.9986378762928952	-12.926773984113192
1	rs113341849	3	G	A	1.0	[]	2	1	1	0.0006678501422391151	0.9991210294860371	0.00021112037172389434	0.0006678501422391151	0.9991210294860371	0.00021112037172389434	-3.175320977195025	-0.00038189990794739717	-3.675469858116285
2	rs11574435	3	C	T	0.9027	[]	2	2	0	0.7999830899167938	0.20001690784975754	2.233448642740561e-09	0.7221447352678897	0.1805552627159761	2.0161340898019043e-09	-0.1413757505901171	-0.7433898484988619	-8.695480587045727
3	rs113010081	3	T	C	1.0	[]	2	2	0	0.7999830899167938	0.20001690784975754	2.233448642740561e-09	0.7999830899167938	0.20001690784975754	2.233448642740561e-09	-0.09691919304986003	-0.6989332909586049	-8.65102402950547
