	id	chrom	ref	alt	rsquared	other	n_total_reads	n_ref_reads	n_alt_reads	P(RR|D)	P(RA|D)	P(AA|D)	P(RR|D)w	P(RA|D)w	P(AA|D)w	logP(RR|D)w	logP(RA|D)w	logP(AA|D)w
0	rs79815064	3	A	G	0.9027	[]	5	2	3	4.719239288752719e-12	0.9999998875497388	1.1244554204279161e-07	4.260057305957079e-12	0.9026998984911492	1.0150459080202797e-07	-11.370584558762646	-0.0444566063767877	-6.993514315239427
1	rs113341849	3	G	A	1.0	[]	7	4	3	1.8873065628189776e-11	0.9999999999811238	3.154560876391773e-15	1.8873065628189776e-11	0.9999999999811238	3.154560876391773e-15	-10.724157549900283	-8.197844225993522e-12	-14.501061087206825
2	rs11574435	3	C	T	0.9027	[]	5	3	2	2.8246005982421044e-07	0.9999997175101568	2.9783322882723953e-11	2.5497669600331476e-07	0.9026997449964185	2.6885405566234912e-11	-6.593499510780381	-0.04445668022405446	-10.570483407806934
3	rs113010081	3	T	C	1.0	[]	3	2	1	0.0004188842776424629	0.9995775180539004	3.5976684571005827e-06	0.0004188842776424629	0.9995775180539004	3.5976684571005827e-06	-3.377905940095363	-0.00018352034764192556	-5.443978861525792
