	id	chrom	ref	alt	rsquared	other	n_total_reads	n_ref_reads	n_alt_reads	P(RR|D)	P(RA|D)	P(AA|D)	P(RR|D)w	P(RA|D)w	P(AA|D)w	logP(RR|D)w	logP(RA|D)w	logP(AA|D)w
0	rs79815064	3	A	G	0.9027	[]	2	2	0	0.7986193787331229	0.20138025884491723	3.6242195990265035e-07	0.7209137131823901	0.18178595965930677	3.2715830320412246e-07	-0.14211671327128028	-0.7404396627969912	-6.485242052929513
1	rs113341849	3	G	A	1.0	[]	1	1	0	0.6665552545002903	0.33333333333333337	0.00011141216637636624	0.6665552545002903	0.33333333333333337	0.00011141216637636624	-0.17616384365456697	-0.4771212547196624	-3.9530673809611123
2	rs11574435	3	C	T	0.9027	[]	0	0	0	0.33	0.33	0.33	0.297891	0.297891	0.297891	-0.5259426176623695	-0.5259426176623695	-0.5259426176623695
3	rs113010081	3	T	C	1.0	[]	1	1	0	0.6666314430962388	0.3333333333333333	3.522357042782376e-05	0.6666314430962388	0.3333333333333333	3.522357042782376e-05	-0.17611420576529	-0.4771212547196625	-4.453166623993095
