	id	chrom	ref	alt	rsquared	other	n_total_reads	n_ref_reads	n_alt_reads	P(RR|D)	P(RA|D)	P(AA|D)	P(RR|D)w	P(RA|D)w	P(AA|D)w	logP(RR|D)w	logP(RA|D)w	logP(AA|D)w
0	rs79815064	3	A	G	0.9027	[]	2	0	2	5.611424461738119e-09	0.2000296938397336	0.799970300548842	5.0654328616109995e-09	0.1805668046291275	0.7221331903054397	-8.295383436507722	-0.743362087308687	-0.1413826937322882
1	rs113341849	3	G	A	1.0	[]	2	1	1	0.00021124097304978166	0.9995775180539005	0.00021124097304978166	0.00021124097304978166	0.9995775180539005	0.00021124097304978166	-3.6752218406667017	-0.0001835203476418773	-3.6752218406667017
2	rs11574435	3	C	T	0.9027	[]	4	2	2	7.077835622589472e-08	0.999999787964934	1.4125670974400109e-07	6.389162216511516e-08	0.9026998085959459	1.2751243188590976e-07	-7.194556085284439	-0.04445664962592591	-6.894447471416318
3	rs113010081	3	T	C	1.0	[]	1	0	1	4.434506122349824e-05	0.3333333333333333	0.6666223216054432	4.434506122349824e-05	0.3333333333333333	0.6666223216054432	-4.353154741171986	-0.4771212547196625	-0.17612014823959488
