	id	chrom	ref	alt	rsquared	other	n_total_reads	n_ref_reads	n_alt_reads	P(RR|D)	P(RA|D)	P(AA|D)	P(RR|D)w	P(RA|D)w	P(AA|D)w	logP(RR|D)w	logP(RA|D)w	logP(AA|D)w
0	rs79815064	3	A	G	0.9027	[]	2	2	0	0.7999830899167938	0.20001690784975754	2.233448642740561e-09	0.7221447352678897	0.1805552627159761	2.0161340898019043e-09	-0.1413757505901171	-0.7433898484988619	-8.695480587045727
1	rs113341849	3	G	A	1.0	[]	1	0	1	0.005677036995805339	0.3333333333333333	0.6609896296708613	0.005677036995805339	0.3333333333333333	0.6609896296708613	-2.245878275578751	-0.4771212547196625	-0.179805354148324
2	rs11574435	3	C	T	0.9027	[]	3	3	0	0.8888732325899343	0.11112676740993442	1.3112411603034425e-13	0.8023858670589337	0.10031413294094779	1.1836573954059176e-13	-0.09561672942977799	-0.9986378762928952	-12.926773984113192
3	rs113010081	3	T	C	1.0	[]	3	2	1	0.00042245384361791466	0.9995775180539005	2.8102481648411722e-08	0.00042245384361791466	0.9995775180539005	2.8102481648411722e-08	-3.3742207341866344	-0.0001835203476418773	-7.5512553271190255
