	id	chrom	ref	alt	rsquared	other	n_total_reads	n_ref_reads	n_alt_reads	P(RR|D)	P(RA|D)	P(AA|D)	P(RR|D)w	P(RA|D)w	P(AA|D)w	logP(RR|D)w	logP(RA|D)w	logP(AA|D)w
0	rs79815064	3	A	G	0.9027	[]	1	0	1	8.849174625547879e-05	0.3333333333333333	0.6665781749204113	7.98814993448207e-05	0.30089999999999995	0.6017201185006552	-4.097553792185523	-0.5215778122599195	-0.22060546763789304
1	rs113341849	3	G	A	1.0	[]	5	2	3	4.719239288752719e-12	0.9999998875497388	1.1244554204279161e-07	4.719239288752719e-12	0.9999998875497388	1.1244554204279161e-07	-11.326128001222388	-4.883653067955517e-08	-6.94905775769917
2	rs11574435	3	C	T	0.9027	[]	4	1	3	2.3827211290055156e-10	0.9991599429512326	0.0008400568104953912	2.1508823631532789e-10	0.9019416805020776	0.0007583192828341896	-9.667383341556036	-0.04482154300680068	-3.120147900466017
3	rs113010081	3	T	C	1.0	[]	5	3	2	1.4273201903369307e-05	0.9999857260439271	7.541695455269691e-10	1.4273201903369307e-05	0.9999857260439271	7.541695455269691e-10	-4.845478590797039	-6.1991446006525225e-06	-9.122531009024843
