	id	chrom	ref	alt	rsquared	other	n_total_reads	n_ref_reads	n_alt_reads	P(RR|D)	P(RA|D)	P(AA|D)	P(RR|D)w	P(RA|D)w	P(AA|D)w	logP(RR|D)w	logP(RA|D)w	logP(AA|D)w
0	rs79815064	3	A	G	0.9027	[]	16	12	4	1.0116424191444995e-11	0.9999999999898835	1.988141035617664e-44	9.132096117617396e-12	0.9026999999908678	1.794694912852065e-44	-11.039429526098669	-0.04445655754465056	-43.74600936821441
1	rs113341849	3	G	A	1.0	[]	18	9	9	3.3496355082396377e-32	1.0	2.6594686399932683e-32	3.3496355082396377e-32	1.0	2.6594686399932683e-32	-31.47500244829822	0.0	-31.575205126440665
2	rs11574435	3	C	T	0.9027	[]	19	8	11	4.6538309216272056e-42	1.0	2.042274235871601e-26	4.201013172952878e-42	0.9027	1.843560952721294e-26	-41.37664595665964	-0.04445655754025703	-25.734342498962175
3	rs113010081	3	T	C	1.0	[]	23	13	10	1.7909754755615562e-34	1.0	6.630968369015528e-48	1.7909754755615562e-34	1.0	6.630968369015528e-48	-33.74691036105282	0.0	-47.178423043750605
