	id	chrom	ref	alt	rsquared	other	n_total_reads	n_ref_reads	n_alt_reads	P(RR|D)	P(RA|D)	P(AA|D)	P(RR|D)w	P(RA|D)w	P(AA|D)w	logP(RR|D)w	logP(RA|D)w	logP(AA|D)w
0	rs79815064	3	A	G	0.9027	[]	2	2	0	0.7998550334458017	0.2001449218912174	4.46629808891624e-08	0.7220291386915251	0.18067082099120194	4.03172728486469e-08	-0.1414452753976967	-0.7431119819479983	-7.394508852228214
1	rs113341849	3	G	A	1.0	[]	4	4	0	0.9411647686248725	0.058835231375127445	7.335943682088565e-18	0.9411647686248725	0.058835231375127445	7.335943682088565e-18	-0.026334338485165875	-1.2303625343026556	-17.134544011396386
2	rs11574435	3	C	T	0.9027	[]	3	3	0	0.8888732325899343	0.11112676740993442	1.3112411603034425e-13	0.8023858670589337	0.10031413294094779	1.1836573954059176e-13	-0.09561672942977799	-0.9986378762928952	-12.926773984113192
3	rs113010081	3	T	C	1.0	[]	1	1	0	0.6665552545002903	0.33333333333333337	0.00011141216637636624	0.6665552545002903	0.33333333333333337	0.00011141216637636624	-0.17616384365456697	-0.4771212547196624	-3.9530673809611123
