	id	chrom	ref	alt	rsquared	other	n_total_reads	n_ref_reads	n_alt_reads	P(RR|D)	P(RA|D)	P(AA|D)	P(RR|D)w	P(RA|D)w	P(AA|D)w	logP(RR|D)w	logP(RA|D)w	logP(AA|D)w
0	rs79815064	3	A	G	0.9027	[]	0	0	0	0.33	0.33	0.33	0.297891	0.297891	0.297891	-0.5259426176623695	-0.5259426176623695	-0.5259426176623695
1	rs113341849	3	G	A	1.0	[]	0	0	0	0.33	0.33	0.33	0.33	0.33	0.33	-0.4814860601221125	-0.4814860601221125	-0.4814860601221125
2	rs11574435	3	C	T	0.9027	[]	0	0	0	0.33	0.33	0.33	0.297891	0.297891	0.297891	-0.5259426176623695	-0.5259426176623695	-0.5259426176623695
3	rs113010081	3	T	C	1.0	[]	0	0	0	0.33	0.33	0.33	0.33	0.33	0.33	-0.4814860601221125	-0.4814860601221125	-0.4814860601221125
