	id	chrom	ref	alt	rsquared	other	n_total_reads	n_ref_reads	n_alt_reads	P(RR|D)	P(RA|D)	P(AA|D)	P(RR|D)w	P(RA|D)w	P(AA|D)w	logP(RR|D)w	logP(RA|D)w	logP(AA|D)w
0	rs79815064	3	A	G	0.9027	[]	1	1	0	0.6666314430962388	0.3333333333333333	3.522357042782376e-05	0.6017682036829747	0.30089999999999995	3.1796317025196505e-05	-0.22057076330554706	-0.5215778122599195	-4.497623181533352
1	rs113341849	3	G	A	1.0	[]	4	4	0	0.9411435352885865	0.05885646471141333	1.8447841561491528e-16	0.9411435352885865	0.05885646471141333	1.8447841561491528e-16	-0.02634413658334419	-1.2302058279047017	-15.734054439953184
2	rs11574435	3	C	T	0.9027	[]	3	3	0	0.8888732325899343	0.11112676740993442	1.3112411603034425e-13	0.8023858670589337	0.10031413294094779	1.1836573954059176e-13	-0.09561672942977799	-0.9986378762928952	-12.926773984113192
3	rs113010081	3	T	C	1.0	[]	3	3	0	0.888741671273919	0.11125832871948396	6.597059210811387e-12	0.888741671273919	0.11125832871948396	6.597059210811387e-12	-0.05122445617691921	-0.9536674681535708	-11.180649617963923
