	id	chrom	ref	alt	rsquared	other	n_total_reads	n_ref_reads	n_alt_reads	P(RR|D)	P(RA|D)	P(AA|D)	P(RR|D)w	P(RA|D)w	P(AA|D)w	logP(RR|D)w	logP(RA|D)w	logP(AA|D)w
0	rs79815064	3	A	G	0.9027	[]	2	2	0	0.799970300548842	0.2000296938397336	5.611424461738119e-09	0.7221331903054397	0.1805668046291275	5.0654328616109995e-09	-0.1413826937322882	-0.743362087308687	-8.295383436507722
1	rs113341849	3	G	A	1.0	[]	3	3	0	0.8888732325899343	0.11112676740993442	1.3112411603034425e-13	0.8888732325899343	0.11112676740993442	1.3112411603034425e-13	-0.05116017188952095	-0.9541813187526382	-12.882317426572934
2	rs11574435	3	C	T	0.9027	[]	3	3	0	0.8888576649750933	0.11114233502438427	5.222521523008544e-13	0.8023718141730167	0.10032818582651168	4.714370178819812e-13	-0.09562433567573034	-0.998577040765249	-12.326576319073725
3	rs113010081	3	T	C	1.0	[]	0	0	0	0.33	0.33	0.33	0.33	0.33	0.33	-0.4814860601221125	-0.4814860601221125	-0.4814860601221125
