	id	chrom	ref	alt	rsquared	other	n_total_reads	n_ref_reads	n_alt_reads	P(RR|D)	P(RA|D)	P(AA|D)	P(RR|D)w	P(RA|D)w	P(AA|D)w	logP(RR|D)w	logP(RA|D)w	logP(AA|D)w
0	rs79815064	3	A	G	0.9027	[]	7	7	0	0.9922452166126158	0.007754783387384259	1.1409118379988209e-30	0.8956997570362082	0.00700024296379177	1.0299011161615356e-30	-0.04783754359043682	-2.154886886271044	-29.987204471185073
1	rs113341849	3	G	A	1.0	[]	6	6	0	0.984609784622754	0.015390215377246042	4.2758076417946724e-26	0.984609784622754	0.015390215377246042	4.2758076417946724e-26	-0.006735852712607972	-1.8127553024235583	-25.368981840878188
2	rs11574435	3	C	T	0.9027	[]	5	5	0	0.9696888035826373	0.03031119641736268	5.027917178786802e-22	0.8753380829940467	0.02736191700595329	4.538700837290845e-22	-0.057824176440106255	-1.5628534787376636	-21.34306844228372
3	rs113010081	3	T	C	1.0	[]	7	7	0	0.9922442585468566	0.007755741453143286	5.7202347642941865e-30	0.9922442585468566	0.007755741453143286	5.7202347642941865e-30	-0.003381405384903109	-2.1103766770746044	-29.24258614695081
