	id	chrom	ref	alt	rsquared	other	n_total_reads	n_ref_reads	n_alt_reads	P(RR|D)	P(RA|D)	P(AA|D)	P(RR|D)w	P(RA|D)w	P(AA|D)w	logP(RR|D)w	logP(RA|D)w	logP(AA|D)w
0	rs79815064	3	A	G	0.9027	[]	0	0	0	0.33	0.33	0.33	0.297891	0.297891	0.297891	-0.5259426176623695	-0.5259426176623695	-0.5259426176623695
1	rs113341849	3	G	A	1.0	[]	4	4	0	0.941164010939767	0.05883598906023301	9.235777553775898e-18	0.941164010939767	0.05883598906023301	9.235777553775898e-18	-0.0263346881142678	-1.2303569414574527	-17.034526535730073
2	rs11574435	3	C	T	0.9027	[]	2	2	0	0.7999830899167938	0.20001690784975754	2.233448642740561e-09	0.7221447352678897	0.1805552627159761	2.0161340898019043e-09	-0.1413757505901171	-0.7433898484988619	-8.695480587045727
3	rs113010081	3	T	C	1.0	[]	1	1	0	0.6666314430962388	0.3333333333333333	3.522357042782376e-05	0.6666314430962388	0.3333333333333333	3.522357042782376e-05	-0.17611420576529	-0.4771212547196625	-4.453166623993095
