	id	chrom	ref	alt	rsquared	other	n_total_reads	n_ref_reads	n_alt_reads	P(RR|D)	P(RA|D)	P(AA|D)	P(RR|D)w	P(RA|D)w	P(AA|D)w	logP(RR|D)w	logP(RA|D)w	logP(AA|D)w
0	rs79815064	3	A	G	0.9027	[]	2	1	1	0.0002659293590840244	0.9995228441123679	0.0002112265285482003	0.0002400544324451488	0.9022692713802345	0.0001906741873204604	-3.6196902706625407	-0.04466383316458914	-3.7197080959579543
1	rs113341849	3	G	A	1.0	[]	4	1	3	2.3577840026008755e-12	0.9991554821091797	0.0008445178884626497	2.3577840026008755e-12	0.9991554821091797	0.0008445178884626497	-11.62749598328471	-0.00036692441878702435	-3.073391146829102
2	rs11574435	3	C	T	0.9027	[]	3	2	1	0.0004224596241156888	0.9995775180539004	2.232198387438301e-08	0.0003813543026892323	0.9023186255472558	2.015005484340554e-08	-3.4186713492525866	-0.04464007788789895	-7.695723767480391
3	rs113010081	3	T	C	1.0	[]	1	1	0	0.6666314430962388	0.3333333333333333	3.522357042782376e-05	0.6666314430962388	0.3333333333333333	3.522357042782376e-05	-0.17611420576529	-0.4771212547196625	-4.453166623993095
