	id	chrom	ref	alt	rsquared	other	n_total_reads	n_ref_reads	n_alt_reads	P(RR|D)	P(RA|D)	P(AA|D)	P(RR|D)w	P(RA|D)w	P(AA|D)w	logP(RR|D)w	logP(RA|D)w	logP(AA|D)w
0	rs79815064	3	A	G	0.9027	[]	3	3	0	0.8888718810034785	0.11112811899635654	1.6508200629187234e-13	0.80238464698184	0.10031535301801103	1.4901952707967315e-13	-0.09561738980176844	-0.9986325941905808	-12.82675681918977
1	rs113341849	3	G	A	1.0	[]	1	1	0	0.6666223216054431	0.33333333333333326	4.434506122349823e-05	0.6666223216054431	0.33333333333333326	4.434506122349823e-05	-0.17612014823959493	-0.47712125471966255	-4.353154741171986
2	rs11574435	3	C	T	0.9027	[]	1	1	0	0.6666314430962388	0.3333333333333333	3.522357042782376e-05	0.6017682036829747	0.30089999999999995	3.1796317025196505e-05	-0.22057076330554706	-0.5215778122599195	-4.497623181533352
3	rs113010081	3	T	C	1.0	[]	0	0	0	0.33	0.33	0.33	0.33	0.33	0.33	-0.4814860601221125	-0.4814860601221125	-0.4814860601221125
