	id	chrom	ref	alt	rsquared	other	n_total_reads	n_ref_reads	n_alt_reads	P(RR|D)	P(RA|D)	P(AA|D)	P(RR|D)w	P(RA|D)w	P(AA|D)w	logP(RR|D)w	logP(RA|D)w	logP(AA|D)w
0	rs79815064	3	A	G	0.9027	[]	0	0	0	0.33	0.33	0.33	0.297891	0.297891	0.297891	-0.5259426176623695	-0.5259426176623695	-0.5259426176623695
1	rs113341849	3	G	A	1.0	[]	3	1	2	1.4088720277750727e-07	0.9995774670220764	0.0004223920907207959	1.4088720277750727e-07	0.9995774670220764	0.0004223920907207959	-6.851128453416684	-0.00018354251984940845	-3.374284222549229
2	rs11574435	3	C	T	0.9027	[]	1	0	1	8.849174625547879e-05	0.3333333333333333	0.6665781749204113	7.98814993448207e-05	0.30089999999999995	0.6017201185006552	-4.097553792185523	-0.5215778122599195	-0.22060546763789304
3	rs113010081	3	T	C	1.0	[]	4	2	2	4.466047322506383e-08	0.9999999106790534	4.466047322506383e-08	4.466047322506383e-08	0.9999999106790534	4.466047322506383e-08	-7.350076679429716	-3.879159597616475e-08	-7.350076679429716
