	id	chrom	ref	alt	rsquared	other	n_total_reads	n_ref_reads	n_alt_reads	P(RR|D)	P(RA|D)	P(AA|D)	P(RR|D)w	P(RA|D)w	P(AA|D)w	logP(RR|D)w	logP(RA|D)w	logP(AA|D)w
0	rs79815064	3	A	G	0.9027	[]	1	1	0	0.6666314430962388	0.3333333333333333	3.522357042782376e-05	0.6017682036829747	0.30089999999999995	3.1796317025196505e-05	-0.22057076330554706	-0.5215778122599195	-4.497623181533352
1	rs113341849	3	G	A	1.0	[]	1	1	0	0.6665781749204112	0.33333333333333326	8.849174625547878e-05	0.6665781749204112	0.33333333333333326	8.849174625547878e-05	-0.17614891009763606	-0.47712125471966255	-4.053097234645266
2	rs11574435	3	C	T	0.9027	[]	1	1	0	0.6666314430962388	0.3333333333333333	3.522357042782376e-05	0.6017682036829747	0.30089999999999995	3.1796317025196505e-05	-0.22057076330554706	-0.5215778122599195	-4.497623181533352
3	rs113010081	3	T	C	1.0	[]	0	0	0	0.33	0.33	0.33	0.33	0.33	0.33	-0.4814860601221125	-0.4814860601221125	-0.4814860601221125
