	id	chrom	ref	alt	rsquared	other	n_total_reads	n_ref_reads	n_alt_reads	P(RR|D)	P(RA|D)	P(AA|D)	P(RR|D)w	P(RA|D)w	P(AA|D)w	logP(RR|D)w	logP(RA|D)w	logP(AA|D)w
0	rs79815064	3	A	G	0.9027	[]	21	21	0	0.999999521975754	4.780242459188844e-07	4.827168775878532e-87	0.9026995684875131	4.3151248679097694e-07	4.357485253985551e-87	-0.0444567651435989	-6.365006632472631	-86.36076407389635
1	rs113341849	3	G	A	1.0	[]	15	15	0	0.999969424985316	3.057501468405444e-05	4.422379702269122e-63	0.999969424985316	3.057501468405444e-05	4.422379702269122e-63	-1.3278763161575652e-05	-4.514633325715969	-62.3543439719516
2	rs11574435	3	C	T	0.9027	[]	11	11	0	0.9995114019694679	0.0004885980305321482	2.2539032292629174e-46	0.9022589425578386	0.0004410574421613702	2.0345984450556355e-46	-0.04466880482481204	-3.355504845477428	-45.69152129174824
3	rs113010081	3	T	C	1.0	[]	7	7	0	0.9922406520197697	0.00775934798023025	5.728256268710507e-29	0.9922406520197697	0.00775934798023025	5.728256268710507e-29	-0.0033829839253135914	-2.1101747710723684	-28.241977560952076
