	id	chrom	ref	alt	rsquared	other	n_total_reads	n_ref_reads	n_alt_reads	P(RR|D)	P(RA|D)	P(AA|D)	P(RR|D)w	P(RA|D)w	P(AA|D)w	logP(RR|D)w	logP(RA|D)w	logP(AA|D)w
0	rs79815064	3	A	G	0.9027	[]	6	3	3	9.438110094533108e-12	0.9999999999811237	9.438110094533149e-12	8.519781982335036e-12	0.9026999999829602	8.519781982335072e-12	-11.069571518505636	-0.044456557548454935	-11.069571518505635
1	rs113341849	3	G	A	1.0	[]	3	2	1	0.00042242586685180554	0.9995775180539005	5.607924775764518e-08	0.00042242586685180554	0.9995775180539005	5.607924775764518e-08	-3.3742494960446754	-0.0001835203476418773	-7.251197820592305
2	rs11574435	3	C	T	0.9027	[]	4	3	1	0.0008445178884626497	0.9991554821091797	2.3577840026008654e-12	0.0007623462979152338	0.9019376536999565	2.1283716191478012e-12	-3.117847704369359	-0.044823481959044044	-11.67195254082497
3	rs113010081	3	T	C	1.0	[]	4	1	3	2.3577840026008654e-12	0.9991554821091797	0.0008445178884626497	2.3577840026008654e-12	0.9991554821091797	0.0008445178884626497	-11.627495983284712	-0.00036692441878702435	-3.073391146829102
