	id	chrom	ref	alt	rsquared	other	n_total_reads	n_ref_reads	n_alt_reads	P(RR|D)	P(RA|D)	P(AA|D)	P(RR|D)w	P(RA|D)w	P(AA|D)w	logP(RR|D)w	logP(RA|D)w	logP(AA|D)w
0	rs79815064	3	A	G	0.9027	[]	1	0	1	3.522357042782376e-05	0.3333333333333333	0.6666314430962388	3.1796317025196505e-05	0.30089999999999995	0.6017682036829747	-4.497623181533352	-0.5215778122599195	-0.22057076330554706
1	rs113341849	3	G	A	1.0	[]	3	0	3	3.3751190476498764e-11	0.11197214876296904	0.8880278512032798	3.3751190476498764e-11	0.11197214876296904	0.8880278512032798	-10.471710904069816	-0.9508899875327466	-0.05157341323691773
2	rs11574435	3	C	T	0.9027	[]	4	2	2	1.1219995444449809e-07	0.999999843143144	4.4656901547656946e-08	1.0128289887704843e-07	0.9026998584053161	4.031178502706992e-08	-6.9944638769526195	-0.044456625662329365	-7.394567970632796
3	rs113010081	3	T	C	1.0	[]	4	2	2	5.622574237868778e-08	0.9999998991143961	4.4659861621157566e-08	5.622574237868778e-08	0.9999998991143961	4.4659861621157566e-08	-7.2500648016310745	-4.381406327471021e-08	-7.350082626926488
