	id	chrom	ref	alt	rsquared	other	n_total_reads	n_ref_reads	n_alt_reads	P(RR|D)	P(RA|D)	P(AA|D)	P(RR|D)w	P(RA|D)w	P(AA|D)w	logP(RR|D)w	logP(RA|D)w	logP(AA|D)w
0	rs79815064	3	A	G	0.9027	[]	1	1	0	0.6666314430962388	0.3333333333333333	3.522357042782376e-05	0.6017682036829747	0.30089999999999995	3.1796317025196505e-05	-0.22057076330554706	-0.5215778122599195	-4.497623181533352
1	rs113341849	3	G	A	1.0	[]	3	3	0	0.8888653390575143	0.11113466094215625	3.294449163755528e-13	0.8888653390575143	0.11113466094215625	3.294449163755528e-13	-0.05116402860684423	-0.9541504711376155	-12.482217189610084
2	rs11574435	3	C	T	0.9027	[]	2	2	0	0.7999243079750527	0.20007567426579181	1.7759155506655084e-08	0.7220916728090799	0.18060831115973025	1.6031189675857542e-08	-0.1414076632782875	-0.7432622683760138	-7.795034247421984
3	rs113010081	3	T	C	1.0	[]	2	2	0	0.7998849075484034	0.20011506428585257	2.816574393074236e-08	0.7998849075484034	0.20011506428585257	2.816574393074236e-08	-0.09697249752364567	-0.6987202172610099	-7.550278773427404
