	id	chrom	ref	alt	rsquared	other	n_total_reads	n_ref_reads	n_alt_reads	P(RR|D)	P(RA|D)	P(AA|D)	P(RR|D)w	P(RA|D)w	P(AA|D)w	logP(RR|D)w	logP(RA|D)w	logP(AA|D)w
0	rs79815064	3	A	G	0.9027	[]	8	3	5	1.0395758924452737e-19	0.9999999902605295	9.739470475136425e-09	9.384251581103485e-20	0.90269999120818	8.79181999790565e-09	-19.027600357795723	-0.04445656177005531	-8.055921212158333
1	rs113341849	3	G	A	1.0	[]	3	2	1	0.0013350200333172365	0.9986649576676265	2.229905627985586e-08	0.0013350200333172365	0.9986649576676265	2.229905627985586e-08	-2.8745122172253605	-0.000580188892655245	-7.651713516374424
2	rs11574435	3	C	T	0.9027	[]	4	1	3	2.3577840026008755e-12	0.9991554821091797	0.0008445178884626497	2.12837161914781e-12	0.9019376536999565	0.0007623462979152338	-11.671952540824968	-0.044823481959044044	-3.117847704369359
3	rs113010081	3	T	C	1.0	[]	4	1	3	9.546955256371764e-10	0.9991626893246258	0.0008373097206785476	9.546955256371764e-10	0.9991626893246258	0.0008373097206785476	-9.02013511283432	-0.0003637917305666063	-3.0771138668562616
