	id	chrom	ref	alt	rsquared	other	n_total_reads	n_ref_reads	n_alt_reads	P(RR|D)	P(RA|D)	P(AA|D)	P(RR|D)w	P(RA|D)w	P(AA|D)w	logP(RR|D)w	logP(RA|D)w	logP(AA|D)w
0	rs79815064	3	A	G	0.9027	[]	11	5	6	4.454131443613452e-23	1.0	8.429764603451118e-19	4.0207444541498626e-23	0.9027	7.609548507535323e-19	-22.39569352840899	-0.04445655754025703	-18.118641110181187
1	rs113341849	3	G	A	1.0	[]	11	6	5	2.1175723005322293e-18	1.0	1.7734603360225137e-22	2.1175723005322293e-18	1.0	1.7734603360225137e-22	-17.67416175257405	0.0	-21.75117852021103
2	rs11574435	3	C	T	0.9027	[]	10	5	5	4.216712297064959e-18	1.0	1.3328661066740137e-18	3.806426190560539e-18	0.9027	1.2031782344946322e-18	-17.41948258708256	-0.04445655754025703	-17.91967003307256
3	rs113010081	3	T	C	1.0	[]	6	3	3	1.8829894351250807e-11	0.9999999998867579	9.441213452809673e-11	1.8829894351250807e-11	0.9999999998867579	9.441213452809673e-11	-10.725152116669342	-4.9180411498762325e-11	-10.024972183457102
