	id	chrom	ref	alt	rsquared	other	n_total_reads	n_ref_reads	n_alt_reads	P(RR|D)	P(RA|D)	P(AA|D)	P(RR|D)w	P(RA|D)w	P(AA|D)w	logP(RR|D)w	logP(RA|D)w	logP(AA|D)w
0	rs79815064	3	A	G	0.9027	[]	10	7	3	1.901241391883866e-09	0.9999999980987586	3.7247094163007105e-26	1.7162506044535656e-09	0.9026999982837494	3.362295190094651e-26	-8.76541929679915	-0.04445655836595567	-25.473364160676002
1	rs113341849	3	G	A	1.0	[]	8	3	5	2.1041595242649324e-18	0.9999999998806512	1.1934873588155666e-10	2.1041595242649324e-18	0.9999999998806512	1.1934873588155666e-10	-17.676921337768434	-5.1832504897585594e-11	-9.923182176594988
2	rs11574435	3	C	T	0.9027	[]	10	6	4	7.868158178377167e-15	0.9999999999999922	1.817571213891563e-20	7.1025863876210684e-15	0.902699999999993	1.6407215347799138e-20	-14.148583475318652	-0.0444565575402604	-19.78496512167122
3	rs113010081	3	T	C	1.0	[]	10	7	3	1.481283887571674e-10	0.9999999998518716	7.708616215020434e-23	1.481283887571674e-10	0.9999999998518716	7.708616215020434e-23	-9.829361701106892	-6.433134605874763e-11	-22.113023575790557
