	id	chrom	ref	alt	rsquared	other	n_total_reads	n_ref_reads	n_alt_reads	P(RR|D)	P(RA|D)	P(AA|D)	P(RR|D)w	P(RA|D)w	P(AA|D)w	logP(RR|D)w	logP(RA|D)w	logP(AA|D)w
0	rs79815064	3	A	G	0.9027	[]	6	4	2	1.7861747902270724e-07	0.9999998213825201	7.904226671151645e-16	1.612379983137978e-07	0.9026998387620008	7.135145416048589e-16	-6.79253260202648	-0.044456635112849884	-15.146597171428951
1	rs113341849	3	G	A	1.0	[]	17	9	8	1.0014471316973691e-29	1.0	3.3404944772247454e-33	1.0014471316973691e-29	1.0	3.3404944772247454e-33	-28.999371972998613	0.0	-32.4761892419204
2	rs11574435	3	C	T	0.9027	[]	16	7	9	6.65055294614673e-33	1.0	2.9971578555799373e-25	6.003454144486653e-33	0.9027	2.7055343962320093e-25	-32.22159880224061	-0.04445655754025703	-24.567746940386435
3	rs113010081	3	T	C	1.0	[]	7	5	2	8.89861383968083e-07	0.999999110138616	8.492596867114079e-18	8.89861383968083e-07	0.999999110138616	8.492596867114079e-18	-6.050677639272268	-3.8646206068908993e-07	-17.070959490838483
