	id	chrom	ref	alt	rsquared	other	n_total_reads	n_ref_reads	n_alt_reads	P(RR|D)	P(RA|D)	P(AA|D)	P(RR|D)w	P(RA|D)w	P(AA|D)w	logP(RR|D)w	logP(RA|D)w	logP(AA|D)w
0	rs79815064	3	A	G	0.9027	[]	3	3	0	0.8888688276860496	0.11113117231368876	2.6166070884869823e-13	0.8023818907521969	0.10031810924756683	2.362011218777199e-13	-0.09561888162664975	-0.9986206618312077	-12.626718043961514
1	rs113341849	3	G	A	1.0	[]	1	1	0	0.6666314430962388	0.3333333333333333	3.522357042782376e-05	0.6666314430962388	0.3333333333333333	3.522357042782376e-05	-0.17611420576529	-0.4771212547196625	-4.453166623993095
2	rs11574435	3	C	T	0.9027	[]	0	0	0	0.33	0.33	0.33	0.297891	0.297891	0.297891	-0.5259426176623695	-0.5259426176623695	-0.5259426176623695
3	rs113010081	3	T	C	1.0	[]	1	1	0	0.6666314430962388	0.3333333333333333	3.522357042782376e-05	0.6666314430962388	0.3333333333333333	3.522357042782376e-05	-0.17611420576529	-0.4771212547196625	-4.453166623993095
