	id	chrom	ref	alt	rsquared	other	n_total_reads	n_ref_reads	n_alt_reads	P(RR|D)	P(RA|D)	P(AA|D)	P(RR|D)w	P(RA|D)w	P(AA|D)w	logP(RR|D)w	logP(RA|D)w	logP(AA|D)w
0	rs79815064	3	A	G	0.9027	[]	27	26	1	0.9999991208161526	8.791838473878748e-07	3.6916866348638145e-103	0.9026992063607409	7.936392590370345e-07	3.332485525291565e-103	-0.0444569393651184	-6.100376857031504	-102.47723172827558
1	rs113341849	3	G	A	1.0	[]	23	21	2	0.06829603013096039	0.9317039698690397	1.2085743596792857e-78	0.06829603013096039	0.9317039698690397	1.2085743596792857e-78	-1.1656045399835522	-0.030722054035008425	-77.91772662369664
2	rs11574435	3	C	T	0.9027	[]	18	18	0	0.9999961137081796	3.886291820318172e-06	1.3672836243897681e-70	0.9026964918443737	3.5081556262012134e-06	1.2342469277366437e-70	-0.04445824533862931	-5.4549211490285545	-69.90859794514444
3	rs113010081	3	T	C	1.0	[]	28	28	0	0.9999999961821412	3.817858802828621e-09	2.9665356503247836e-113	0.9999999961821412	3.817858802828621e-09	2.9665356503247836e-113	-1.6580750156771354e-09	-8.418180137305974	-112.52775042816377
