	id	chrom	ref	alt	rsquared	other	n_total_reads	n_ref_reads	n_alt_reads	P(RR|D)	P(RA|D)	P(AA|D)	P(RR|D)w	P(RA|D)w	P(AA|D)w	logP(RR|D)w	logP(RA|D)w	logP(AA|D)w
0	rs79815064	3	A	G	0.9027	[]	2	1	1	0.03293184900477445	0.9668655523118597	0.0002025986833658765	0.029727580096609894	0.8727895340719156	0.0001828858314743767	-1.5268404420719872	-0.05909047016727074	-3.7378199388693645
1	rs113341849	3	G	A	1.0	[]	6	3	3	9.43735592818982e-12	0.9999999999668514	2.3711248844468214e-11	9.43735592818982e-12	0.9999999999668514	2.3711248844468214e-11	-11.025149665303921	-1.4396251882919321e-11	-10.625045571623746
2	rs11574435	3	C	T	0.9027	[]	6	2	4	4.986766963369775e-16	0.9999997168841538	2.831158457828928e-07	4.501554537833896e-16	0.9026997444313256	2.555686739882173e-07	-15.346637483865164	-0.04445668049592417	-6.592492380356414
3	rs113010081	3	T	C	1.0	[]	2	1	1	0.00021124097304978166	0.9995775180539005	0.00021124097304978166	0.00021124097304978166	0.9995775180539005	0.00021124097304978166	-3.6752218406667017	-0.0001835203476418773	-3.6752218406667017
