	id	chrom	ref	alt	rsquared	other	n_total_reads	n_ref_reads	n_alt_reads	P(RR|D)	P(RA|D)	P(AA|D)	P(RR|D)w	P(RA|D)w	P(AA|D)w	logP(RR|D)w	logP(RA|D)w	logP(AA|D)w
0	rs79815064	3	A	G	0.9027	[]	0	0	0	0.33	0.33	0.33	0.297891	0.297891	0.297891	-0.5259426176623695	-0.5259426176623695	-0.5259426176623695
1	rs113341849	3	G	A	1.0	[]	2	1	1	0.00021124097304978166	0.9995775180539005	0.00021124097304978166	0.00021124097304978166	0.9995775180539005	0.00021124097304978166	-3.6752218406667017	-0.0001835203476418773	-3.6752218406667017
2	rs11574435	3	C	T	0.9027	[]	3	1	2	2.232198387438301e-08	0.9995775180539004	0.0004224596241156888	2.015005484340554e-08	0.9023186255472558	0.0003813543026892323	-7.695723767480391	-0.04464007788789895	-3.4186713492525866
3	rs113010081	3	T	C	1.0	[]	0	0	0	0.33	0.33	0.33	0.33	0.33	0.33	-0.4814860601221125	-0.4814860601221125	-0.4814860601221125
