	id	chrom	ref	alt	rsquared	other	n_total_reads	n_ref_reads	n_alt_reads	P(RR|D)	P(RA|D)	P(AA|D)	P(RR|D)w	P(RA|D)w	P(AA|D)w	logP(RR|D)w	logP(RA|D)w	logP(AA|D)w
0	rs79815064	3	A	G	0.9027	[]	2	1	1	0.00021124097304978166	0.9995775180539005	0.00021124097304978166	0.0001906872263720379	0.902318625547256	0.0001906872263720379	-3.719678398206959	-0.044640077887898894	-3.719678398206959
1	rs113341849	3	G	A	1.0	[]	2	0	2	2.233448642740561e-09	0.20001690784975754	0.7999830899167938	2.233448642740561e-09	0.20001690784975754	0.7999830899167938	-8.65102402950547	-0.6989332909586049	-0.09691919304986003
2	rs11574435	3	C	T	0.9027	[]	3	1	2	2.226574014488394e-08	0.9973389142851422	0.00266106344911761	2.009928362878673e-08	0.9002978379251978	0.0024021419755184664	-7.696819421266536	-0.045613792817035016	-2.6194013277565698
3	rs113010081	3	T	C	1.0	[]	5	4	1	0.0016871944039295787	0.9983128055960684	1.9781574053551466e-15	0.0016871944039295787	0.9983128055960684	1.9781574053551466e-15	-2.772834873730006	-0.0007333580524398154	-14.703739153811984
