	id	chrom	ref	alt	rsquared	other	n_total_reads	n_ref_reads	n_alt_reads	P(RR|D)	P(RA|D)	P(AA|D)	P(RR|D)w	P(RA|D)w	P(AA|D)w	logP(RR|D)w	logP(RA|D)w	logP(AA|D)w
0	rs79815064	3	A	G	0.9027	[]	7	7	0	0.9922443370999174	0.007755662900082524	3.6091138513953886e-30	0.8956989631000954	0.007001036899904494	3.257947073654617e-30	-0.04783792854334415	-2.154837633334674	-29.48705597521672
1	rs113341849	3	G	A	1.0	[]	8	8	0	0.9961070008837003	0.0038929991162997553	1.5205151100904182e-34	0.9961070008837003	0.0038929991162997553	1.5205151100904182e-34	-0.001694007562863349	-2.409715694865497	-33.81800925970513
2	rs11574435	3	C	T	0.9027	[]	12	12	0	0.9997555141010442	0.0002444858989556503	7.526578381257129e-50	0.9024793025790125	0.00022069742098726548	6.79424230476081e-50	-0.04456274939881171	-3.6562027418611978	-49.16785896883719
3	rs113010081	3	T	C	1.0	[]	6	6	0	0.9846105816733762	0.015389418326623659	2.1426438540503462e-26	0.9846105816733762	0.015389418326623659	2.1426438540503462e-26	-0.006735501147396706	-1.8127777948736312	-25.669050010514226
