	id	chrom	ref	alt	rsquared	other	n_total_reads	n_ref_reads	n_alt_reads	P(RR|D)	P(RA|D)	P(AA|D)	P(RR|D)w	P(RA|D)w	P(AA|D)w	logP(RR|D)w	logP(RA|D)w	logP(AA|D)w
0	rs79815064	3	A	G	0.9027	[]	23	9	14	1.1169952967216862e-50	1.0	8.579324639951845e-29	1.008311654350666e-50	0.9027	7.74455635248453e-29	-49.99640521308366	-0.04445655754025703	-28.11100345578553
1	rs113341849	3	G	A	1.0	[]	21	14	7	9.587440149160086e-24	1.0	2.7716449355241716e-52	9.587440149160086e-24	1.0	2.7716449355241716e-52	-23.01829733417419	0.0	-51.557262406246124
2	rs11574435	3	C	T	0.9027	[]	14	7	7	5.954222483595717e-26	1.0	2.369703460217827e-26	5.374876635941853e-26	0.9027	2.1391313135386324e-26	-25.269631499215997	-0.04445655754025703	-25.669762554841846
3	rs113010081	3	T	C	1.0	[]	22	11	11	5.902123056070822e-40	1.0	7.619687126739948e-38	5.902123056070822e-40	1.0	7.619687126739948e-38	-39.2289917399368	0.0	-37.11806286093337
