	id	chrom	ref	alt	rsquared	other	n_total_reads	n_ref_reads	n_alt_reads	P(RR|D)	P(RA|D)	P(AA|D)	P(RR|D)w	P(RA|D)w	P(AA|D)w	logP(RR|D)w	logP(RA|D)w	logP(AA|D)w
0	rs79815064	3	A	G	0.9027	[]	18	11	7	4.771902911362283e-25	1.0	1.1768538933354632e-41	4.307596758086733e-25	0.9027	1.0623460095139227e-41	-24.36576495856219	-0.04445655754025703	-40.973734009103694
1	rs113341849	3	G	A	1.0	[]	23	15	8	6.407643403922552e-27	1.0	2.935899182726306e-56	6.407643403922552e-27	1.0	2.935899182726306e-56	-26.193301665465945	0.0	-55.532258861949906
2	rs11574435	3	C	T	0.9027	[]	25	15	10	7.153805031999575e-36	1.0	2.9487472578560598e-56	6.457739802386016e-36	0.9027	2.661834149666665e-56	-35.18991945771844	-0.04445655754025703	-55.574819007512154
3	rs113010081	3	T	C	1.0	[]	20	10	10	5.618839556412902e-37	1.0	1.1212589886449164e-36	5.618839556412902e-37	1.0	1.1212589886449164e-36	-36.2503533688233	0.0	-35.9502940623842
