	id	chrom	ref	alt	rsquared	other	n_total_reads	n_ref_reads	n_alt_reads	P(RR|D)	P(RA|D)	P(AA|D)	P(RR|D)w	P(RA|D)w	P(AA|D)w	logP(RR|D)w	logP(RA|D)w	logP(AA|D)w
0	rs79815064	3	A	G	0.9027	[]	10	10	0	0.9990238617870792	0.0009761382129207693	2.1333863132007435e-43	0.9018188400351964	0.0008811599648035785	1.9258078249263113e-43	-0.044880696022288	-3.0549452430917072	-42.715387053004925
1	rs113341849	3	G	A	1.0	[]	6	5	1	0.016645398141907724	0.9833546018580923	1.6389885025757849e-18	0.016645398141907724	0.9833546018580923	1.6389885025757849e-18	-1.7787058124769388	-0.007289845484159396	-17.785424092973372
2	rs11574435	3	C	T	0.9027	[]	10	4	6	2.2032017540924276e-23	0.9999999999967557	3.2442493308216895e-12	1.9888302234192343e-23	0.9026999999970713	2.928583870932739e-12	-22.701402288861086	-0.044456557541666025	-11.533342333814032
3	rs113010081	3	T	C	1.0	[]	5	4	1	0.004227930253633087	0.9957720697463649	1.9729652704706146e-15	0.004227930253633087	0.9957720697463649	1.9729652704706146e-15	-2.3738721856768454	-0.0018400593471086934	-14.704880559439
