Sample	No_filter	Permissive_filter	Strict_filter	pRR_Data_n	pRD_Data_n	pDD_Data_n	N_reads_ref	N_reads_del	Min_over_ref	Min_over_del	Lengths_ref	Lengths_del	Coverage_ref	Coverage_alt	p_RR	p_RA	p_AA	pData_RR	pData_RD	pData_DD	pD_norm	pRR_Data_r	pRD_Data_r	pDD_Data_r	N_reads_mapping_both	SNP_1_rs10461016	SNP_2_rs34785754	SNP_3_rs13062383	sum_x	referencecount	purereferencecount	haplocount	purehaplocount	notavail	rs10461016_ref	rs10461016_alt	rs34785754_ref	rs34785754_alt	rs13062383_ref	rs13062383_alt
VK533	RR	NA	NA	0.9999999052681644	9.473183541835812e-8	6.86220509235771e-102	13	1	[20, 7, 28, 28, 15, 28, 7, 28, 28, 28, 14, 11.5, 6.5]	[7]	[71, 81, 47, 46, 81, 49, 81, 31, 68, 81, 81, 81, 81]	[47]	5.333333333333333	0	0.999984725573068	1.527442693200343e-5	2.933645611585119e-68	0.0093024265755306	5.769267615559254e-5	2.175933922197809e-36	0.0093022853675181	0.9938363310761026	0.0061636689238974	2.3246861110298466e-34	3	0	0	0	0	3	3	0	0	0	7	0	3	0	6	0
NEO935	RR	NA	NA	0.9999999732432836	2.6756716300277942e-8	2.898509861452168e-127	12	1	[28, 17, 28, 17, 28, 13, 11, 16, 28, 14, 22, 11]	[15]	[64, 71, 66, 50, 55, 34, 79, 37, 78, 80, 57, 46]	[65]	7	0	0.9999995228596342	4.771403657916032e-7	4.8004532077338645e-96	0.0021230216672449	1.190531485876e-4	1.2818782312452748e-34	0.0021230207110706	0.946900456779183	0.0530995432208169	5.717374916274875e-32	0	0	0	0	0	3	3	0	0	0	6	0	7	0	8	0
